"split","n_de","log_rRNA_separation"
"r1+r2+r3 vs r5+r6+r7",1600,1.247318956765
"r1+r2+r3 vs r4+r6+r7",1508,1.06765345652077
"r1+r2+r3 vs r4+r5+r7",1389,0.43947305562776
"r2+r3+r4 vs r5+r6+r7",753,1.077043748843
"r1+r2+r3 vs r4+r5+r6",689,1.28598526138596
"r1+r3+r4 vs r5+r6+r7",520,1.15248145753483
"r1+r2+r4 vs r5+r6+r7",518,1.21395780391267
"r2+r3+r5 vs r4+r6+r7",197,0.717712748354541
"r1+r2+r5 vs r4+r6+r7",143,0.854626803424211
"r1+r2+r6 vs r4+r5+r7",87,0.401733998361804
"r1+r3+r5 vs r4+r6+r7",86,0.793150457046371
"r1+r6+r7 vs r3+r4+r5",78,0.452600041202377
"r1+r2+r6 vs r3+r4+r5",67,0.39642884659317
"r1+r2+r7 vs r3+r4+r5",62,0.450083359165026
"r1+r6+r7 vs r2+r3+r5",48,0.547437540432544
"r1+r6+r7 vs r2+r3+r4",36,0.727103040676773
"r2+r6+r7 vs r3+r4+r5",34,0.528037749894207
"r1+r4+r7 vs r2+r3+r5",22,0.260408360704692
"r1+r2+r7 vs r3+r4+r6",20,1.07826376005803
"r1+r2+r6 vs r3+r4+r7",18,0.61476065145836
"r1+r3+r4 vs r2+r5+r7",14,0.249798057167426
"r1+r2+r5 vs r3+r4+r7",13,0.013419749434647
"r1+r5+r7 vs r2+r3+r4",13,0.0989226397837663
"r1+r6+r7 vs r2+r4+r5",12,0.514076387580217
"r1+r2+r6 vs r3+r5+r7",10,0.435095151214131
"r2+r5+r7 vs r3+r4+r6",9,0.728323051891808
"r1+r2+r5 vs r3+r4+r6",8,0.859931955192844
"r2+r3+r6 vs r4+r5+r7",7,0.538648053431473
"r1+r4+r6 vs r2+r3+r5",7,0.586103845053505
"r1+r5+r7 vs r3+r4+r6",6,0.803760760583637
"r1+r2+r7 vs r3+r5+r6",6,1.25792926030226
"r2+r5+r6 vs r3+r4+r7",5,0.964701359624586
"r1+r2+r7 vs r4+r5+r6",5,1.29129041315459
"r1+r3+r6 vs r4+r5+r7",4,0.463210344739643
"r1+r5+r6 vs r3+r4+r7",4,0.889263650932756
"r1+r3+r4 vs r2+r6+r7",4,0.877978458060433
"r1+r3+r5 vs r2+r4+r7",4,0.109532943321032
"r1+r3+r7 vs r2+r4+r5",2,0.327130666409347
"r2+r4+r5 vs r3+r6+r7",1,0.650990442649886
"r2+r4+r7 vs r3+r5+r6",1,1.08765405238027
"r1+r3+r6 vs r2+r5+r7",1,0.558047843969811
"r1+r3+r6 vs r2+r4+r7",1,0.73771334421404
"r1+r3+r4 vs r2+r5+r6",1,1.09631026292562
"r1+r3+r6 vs r2+r4+r5",1,0.51938153934885
"r2+r3+r7 vs r4+r5+r6",0,1.15437635808492
"r2+r4+r6 vs r3+r5+r7",0,0.605370359136128
"r1+r3+r7 vs r4+r5+r6",0,1.22981406677675
"r1+r4+r5 vs r3+r6+r7",0,0.726428151341716
"r1+r4+r6 vs r3+r5+r7",0,0.529932650444298
"r1+r4+r7 vs r3+r5+r6",0,1.1630917610721
"r1+r4+r5 vs r2+r6+r7",0,0.664951804963876
"r1+r4+r6 vs r2+r5+r7",0,0.591408996822138
"r1+r4+r7 vs r2+r5+r6",0,1.10161541469426
"r1+r5+r6 vs r2+r4+r7",0,0.950739997310596
"r1+r5+r7 vs r2+r4+r6",0,0.742284414205797
"r1+r2+r5 vs r3+r6+r7",0,0.821265650571883
"r1+r3+r5 vs r2+r6+r7",0,0.698312957816204
"r1+r3+r7 vs r2+r5+r6",0,1.13497656754658
"r1+r5+r6 vs r2+r3+r7",0,0.984101150162924
"r1+r5+r7 vs r2+r3+r6",0,0.70892326135347
"r1+r2+r4 vs r3+r6+r7",0,1.00093115081611
"r1+r3+r7 vs r2+r4+r6",0,0.955311067302354
"r1+r4+r6 vs r2+r3+r7",0,0.804435649918695
"r1+r4+r7 vs r2+r3+r6",0,0.888588761597699
"r1+r2+r4 vs r3+r5+r7",0,0.372750749923105
"r1+r4+r5 vs r2+r3+r7",0,0.176255249025688
"r1+r2+r4 vs r3+r5+r6",0,1.2192629556813
"r1+r3+r5 vs r2+r4+r6",0,0.736979262437164
"r1+r4+r5 vs r2+r3+r6",0,0.670256956732509
"r1+r5+r6 vs r2+r3+r4",0,0.945434845541963
