"gene","chr","baseMean","log2FoldChange","lfcSE","stat","pvalue","padj"
"AT1G50040","1",392.388835867998,2.43482608814224,0.227242536545157,10.714658114452,8.68776469194722e-27,1.68142997847947e-22
"AT3G19680","3",5790.91537720968,2.53046208225386,0.260955126470238,9.69692420486881,3.10724509847786e-22,3.00688108179703e-18
"AT4G03210","4",3861.3784744001,1.3013406076009,0.136447584315838,9.53729312340673,1.46608990962152e-21,9.45823470360499e-18
"AT4G17460","4",6429.95591748511,1.26308054655998,0.141832182383163,8.90545802325555,5.31660701538062e-19,2.57244030439191e-15
"AT1G02380","1",417.945243708479,1.32895552796043,0.153594354833403,8.65237221382183,5.04398211558787e-18,1.95242459730175e-14
"AT5G03355","5",307.358947291545,1.58726867595633,0.183914109088765,8.6304888940861,6.10902844875002e-18,1.97056894328513e-14
"AT2G44910","2",413.231844601256,1.43232410689643,0.168826011491562,8.48402502814575,2.17534938259169e-17,6.01453027866852e-14
"AT2G17230","2",1516.61055203598,2.2357098213354,0.279137989518045,8.00933554474452,1.15329846552139e-15,2.34530178895514e-12
"AT4G08950","4",4322.2628904494,2.00094909633839,0.250017118752579,8.00324836283933,1.21179176860346e-15,2.34530178895514e-12
"AT4G16780","4",2312.99148465665,1.29346325786091,0.161334832578198,8.01725973982698,1.08130310926704e-15,2.34530178895514e-12
"AT1G61100","1",4643.74876357215,0.949746964179308,0.126889326235007,7.48484519825033,7.16315174635149e-14,1.26032398998988e-10
"AT2G34510","2",3790.70758019918,1.17204725123276,0.15888039044666,7.37691572847843,1.61998472785151e-13,2.61276536856984e-10
"AT1G21910","1",1382.46556817393,2.18424350673319,0.301516216804688,7.2441991010655,4.35002002844436e-13,6.18718566590998e-10
"AT3G45970","3",1647.56365753902,1.72039158755002,0.237611967490935,7.24034065167888,4.47559157397642e-13,6.18718566590998e-10
"AT2G42870","2",2182.06240173885,1.36240629955831,0.189319973480773,7.19631571096049,6.18613018756389e-13,7.9817575766741e-10
"AT1G23480","1",2808.36022056725,0.943694211201273,0.134697107008729,7.00604661939854,2.45146260675173e-12,2.87347128872771e-09
"AT4G02540","4",1898.48849012085,0.954878200792107,0.136372893568726,7.00196480256461,2.5239749875153e-12,2.87347128872771e-09
"AT5G10930","5",1939.46103626796,-1.06255827379135,0.152150706215864,-6.98359081083621,2.87729312532798e-12,3.09372950819987e-09
"AT1G22530","1",5483.66933414926,0.943527814547154,0.137312450219244,6.87139303858202,6.35779539846291e-12,6.47625116536059e-09
"AT5G51550","5",4732.59004933107,1.34584991200445,0.197443189879246,6.81639064293661,9.33562295755337e-12,9.03408233602440e-09
"AT1G01520","1",506.834475315675,-1.03058683022337,0.151795051519878,-6.78933087676053,1.12654805562771e-11,1.0382481461247e-08
"AT1G63860","1",1157.38651855197,1.20328664894845,0.179346330891345,6.70929058301979,1.95572868778408e-11,1.71945661098086e-08
"AT2G23290","2",211.325008926615,1.47997642272881,0.220796771904085,6.70288976585092,2.04337615234885e-11,1.71945661098086e-08
"AT4G31800","4",530.074715717461,1.86235609112362,0.278803020792094,6.6798275206365,2.39223631838232e-11,1.92913923774881e-08
"AT1G04180","1",333.062527528367,1.24920817833655,0.189639900436922,6.58726447049606,4.48003863272198e-11,3.46826670790805e-08
"AT5G43890","5",118.712638664418,2.23368364983431,0.33965873584483,6.57625850334303,4.82433530718571e-11,3.59116098212585e-08
"AT1G23030","1",2785.80466737697,1.1813141946432,0.180875711943975,6.53108248723361,6.52960223821597e-11,4.65184408153126e-08
"AT2G42580","2",2438.20410891876,0.817480036933269,0.125254446199445,6.52655503846609,6.72995940285601e-11,4.65184408153126e-08
"AT3G26290","3",5394.39994741555,-0.806273622941935,0.123964204291636,-6.5040842035747,7.81681052236767e-11,5.21677761551393e-08
"AT5G15350","5",3446.14066804871,0.714611842087722,0.110363213159678,6.47509094406114,9.47548521977559e-11,6.11295136478456e-08
"AT2G47440","2",3794.71877807412,1.30313017606749,0.201651999742975,6.46227251764654,1.03142130993355e-10,6.43939613950129e-08
"AT4G15248","4",160.60606599465,-2.62209515030158,0.409775546946694,-6.39885705684307,1.5654430670423e-10,9.46799534985521e-08
"AT4G01330","4",6807.23604676829,0.779721377300468,0.121974869788588,6.39247558658529,1.63221293869211e-10,9.57268158043852e-08
"AT1G20070","1",151.591624443306,-1.33542167853129,0.211652409607971,-6.30950378030091,2.79931529717172e-10,1.59346906651358e-07
"AT5G67480","5",3012.73389306985,1.76941606902048,0.28074156885506,6.30265078391003,2.9259765316027e-10,1.61798142264682e-07
"AT5G23210","5",3293.03716462752,0.960975014106762,0.15289180743844,6.28532705713278,3.27164190131476e-10,1.7588710377235e-07
"AT3G29370","3",834.566074320526,1.32901385135403,0.212044606539834,6.26761450357553,3.66621022556708e-10,1.91772520826014e-07
"AT5G03555","5",1763.44293429347,-0.797196488348842,0.129158828646648,-6.17221831989362,6.73384275542286e-10,3.42965243916984e-07
"AT4G01950","4",4047.55008991742,0.959401306525722,0.156197059410134,6.14224947735142,8.13609372608413e-10,4.03758866601621e-07
"AT1G12990","1",1694.13900760508,0.791127774547631,0.129126798797859,6.12675123919163,8.96915332978114e-10,4.31708530630017e-07
"AT5G15950","5",892.764405549912,-1.34588250417214,0.219784270363615,-6.12365253412126,9.14542200879958e-10,4.31708530630017e-07
"AT3G54810","3",4034.90409549131,1.31423114829177,0.217023637870331,6.05570508903277,1.39803927286837e-09,6.44229811597487e-07
"AT1G11380","1",532.847060284954,1.12284705640714,0.186818641939705,6.0103587348073,1.85113249899186e-09,8.33181822918334e-07
"AT1G02640","1",3535.18319142201,1.3085840308522,0.21911132328301,5.97223370862489,2.3402694637957e-09,1.00716373451953e-06
"AT4G15550","4",1833.44585018231,-0.652451953039761,0.109249454761281,-5.97213006202566,2.34175715890145e-09,1.00716373451953e-06
"AT5G44260","5",3443.43170167561,1.13363676701114,0.190023163962733,5.96578197820906,2.43465195693623e-09,1.02435334727269e-06
"AT3G55840","3",344.978469688214,1.19401480853324,0.200295267409077,5.96127319421192,2.50280123868874e-09,1.03062159943791e-06
"AT2G31380","2",2715.701715883,-0.625953517230149,0.105541359545668,-5.93088358843146,3.01308788258847e-09,1.21490214332536e-06
"AT1G69610","1",938.69863258265,-0.678916881705447,0.114886644269152,-5.90945001505054,3.43251810884889e-09,1.35577460160534e-06
"AT3G21890","3",122.82883253696,-1.84984875938633,0.313837920398333,-5.8942805797287,3.76317273845453e-09,1.45142630124152e-06
"AT5G07580","5",1797.2808153815,0.723817780511029,0.122855832988089,5.89160288857593,3.82467403964647e-09,1.45142630124152e-06
"AT1G67910","1",1024.93721740647,0.965887831168262,0.16427371200741,5.87974679189505,4.10894548373177e-09,1.52931790177201e-06
"AT3G47340","3",68028.5846361608,1.07248631216075,0.182603829081634,5.87329585340346,4.27215044200928e-09,1.56006037084241e-06
"AT3G07470","3",4115.22501192114,0.836870796291758,0.142572633269262,5.86978564610818,4.36358937737396e-09,1.5639427557351e-06
"AT3G62720","3",1344.82232102651,1.05037558616871,0.179471503271729,5.85260371156744,4.83936278328026e-09,1.7029277692292e-06
"AT3G62570","3",319.987647417213,1.58809053045867,0.271760417791862,5.84371537018671,5.10492236389774e-09,1.76429763269423e-06
"AT2G15020","2",3916.16810689616,-1.56928345653241,0.268791629078359,-5.83828991220158,5.27393297348954e-09,1.79073155734941e-06
"AT2G25735","2",391.603626880889,1.79260543926651,0.307596370029632,5.82778476577544,5.61679540999589e-09,1.87426652353553e-06
"AT1G06360","1",1720.53152609428,0.583017597568928,0.100652190027691,5.79239853011179,6.938824890651e-09,2.2761697785366e-06
"AT1G11260","1",42205.196787971,1.27343724840516,0.220867613378934,5.76561329623449,8.13614226711413e-09,2.62444829062878e-06
"AT1G10550","1",99.5139136452287,1.96271108743572,0.341180294551812,5.75270939962701,8.78243804808393e-09,2.73664879290505e-06
"AT2G31010","2",518.511110342335,0.978700290794718,0.170199672295986,5.75030655225179,8.90817784194576e-09,2.73664879290505e-06
"AT5G08150","5",529.346696078095,1.28213976667922,0.222782631082872,5.75511547039,8.6582591686194e-09,2.73664879290505e-06
"AT1G69730","1",1221.30596922439,-0.893876622067615,0.155861348150637,-5.73507564687364,9.74688334947855e-09,2.94751844290325e-06
"AT3G59080","3",1199.93923154305,1.60449270794543,0.279972407845243,5.73089584182284,9.99016005862173e-09,2.97460858114715e-06
"AT1G55920","1",2285.86646770818,-0.723233043624174,0.127046774550722,-5.69265175115036,1.25081342350832e-08,3.63316928651564e-06
"AT2G46240","2",1308.83805166722,1.17780969705387,0.206934258167523,5.69170956749164,1.25773660326831e-08,3.63316928651564e-06
"AT1G24170","1",1381.42670021186,0.880509926858661,0.155668394827596,5.65631789184844,1.54654906272839e-08,4.31511179549145e-06
"AT5G63160","5",25498.0117072282,1.18540312557183,0.209629490925336,5.65475363384836,1.56069972969103e-08,4.31511179549145e-06
"AT5G67300","5",5008.50046664848,1.37334450588484,0.24278817607492,5.6565543186133,1.54442115762567e-08,4.31511179549145e-06
"AT1G70090","1",3223.39784675247,1.17850081224899,0.208527627048159,5.65153322334989,1.59022942247947e-08,4.33483102009402e-06
"AT2G34770","2",2720.60249574181,0.939211927557789,0.166371626961813,5.64526502931514,1.64926982035585e-08,4.43332890321766e-06
"AT2G47490","2",950.325899777058,-0.731382665825844,0.129756346192855,-5.63658493233772,1.73455507074521e-08,4.59870943002778e-06
"AT4G13340","4",1381.21473937522,1.70568197537748,0.303487663586109,5.62026790553061,1.906615694798e-08,4.98657299420547e-06
"AT4G32980","4",1418.540871817,-0.767416425976342,0.136755425054522,-5.61159768009487,2.0046707656218e-08,5.17311973304592e-06
"AT1G22740","1",1001.81107762088,0.917897054652472,0.163697285587263,5.60728329342495,2.05527103540615e-08,5.2339099499014e-06
"AT2G28630","2",2319.29767464204,0.976001389588839,0.175533748971646,5.56019224397978,2.69477649397919e-08,6.77333821616535e-06
"AT1G77640","1",140.261520211881,1.79346560612652,0.32338674554296,5.54588470568059,2.9247150813076e-08,7.25704303636247e-06
"AT2G35710","2",256.259317665196,1.09432551410786,0.197502301351737,5.54082411505143,3.01051475949715e-08,7.37538008295035e-06
"AT1G10020","1",1062.37388100734,0.963593316289626,0.174055412200079,5.53612958143446,3.09228820085382e-08,7.48101822991559e-06
"AT1G79160","1",1520.98463290021,-0.633685281965045,0.114669694389356,-5.52617921709457,3.27279819526573e-08,7.8149504243061e-06
"AT3G54920","3",834.50867322429,0.834912451589061,0.15117696563527,5.52274910453866,3.3373614093121e-08,7.8149504243061e-06
"AT3G59350","3",2183.87190311435,0.97790963827884,0.177093095793857,5.52200882758954,3.3514564700703e-08,7.8149504243061e-06
"AT1G72416","1",845.973763591938,1.39910226781233,0.254320288093454,5.50133958364428,3.76916454629211e-08,8.68433459868304e-06
"AT2G32990","2",745.319955597956,-0.719758870154583,0.131910961472772,-5.45639924171996,4.85886781868415e-08,1.09347125305597e-05
"AT4G34550","4",216.17576424971,-1.35799494082327,0.248874093950768,-5.45655403206373,4.85463597787853e-08,1.09347125305597e-05
"AT4G15660","4",202.536024072983,1.15737460361778,0.21277170857114,5.43951360540406,5.34262294039111e-08,1.18851867113022e-05
"AT2G39870","2",2937.67207383275,1.02656229472656,0.18977148414604,5.40946549133043,6.32131294303164e-08,1.39025784885721e-05
"AT3G09450","3",108.983439061646,-1.8990407479981,0.352609247368019,-5.38568050093157,7.21710656463145e-08,1.55672974863581e-05
"AT4G30440","4",7395.94502511054,0.741634073614805,0.137718801681661,5.38513307230991,7.2391070257943e-08,1.55672974863581e-05
"AT3G02170","3",7246.80493024606,0.752430484263663,0.140381482725995,5.3598983972288,8.32687696457648e-08,1.77097117332322e-05
"AT1G78170","1",2387.82243585899,-0.812682507141174,0.153037994098033,-5.31033167241193,1.09425909994137e-07,2.23899283010353e-05
"AT2G15090","2",7298.73673242603,0.661196021105283,0.12452980212993,5.30954044571126,1.09901993830648e-07,2.23899283010353e-05
"AT3G05490","3",1396.9310811028,1.07660625131278,0.202680346608807,5.31184335001525,1.08521871601966e-07,2.23899283010353e-05
"AT5G57220","5",252.285217144146,1.8778696042803,0.353376108680907,5.31408196012476,1.07196365977516e-07,2.23899283010353e-05
"AT1G68580","1",3984.06775784009,0.650036691975871,0.122629605196091,5.30081370592711,1.15287683023835e-07,2.3242477262951e-05
"AT5G65920","5",590.758666230069,0.825602090628346,0.155988586159763,5.2927083381778,1.20518048364382e-07,2.40464567839613e-05
"AT3G23030","3",11963.8093503275,0.925328373459349,0.175055513240903,5.28591391569575,1.25078706989248e-07,2.47017683170398e-05
"AT4G28190","4",360.585564823239,0.843961470666815,0.16066143821767,5.25304316972058,1.49606452582949e-07,2.92473058918221e-05
"AT1G49780","1",1395.67127722718,0.938659194531025,0.178980883560564,5.24446620140525,1.56735432932916e-07,3.00342333562737e-05
"AT2G19650","2",713.755980326048,-1.11150921780421,0.211913947789323,-5.24509702829579,1.56200102582072e-07,3.00342333562737e-05
"AT5G21930","5",6664.96782751932,0.501700390292262,0.0961201708711033,5.21951205189845,1.7939514160356e-07,3.40393487313266e-05
"AT2G37030","2",134.36605782264,1.59744796318967,0.306390458234479,5.21376537766444,1.85045487861813e-07,3.4770586136675e-05
"AT4G33040","4",181.417084880297,-1.26364835270222,0.242608360684277,-5.20859359149084,1.90277367779923e-07,3.54098863078138e-05
"AT1G64390","1",3226.11689350097,-0.656243665171095,0.126125541886604,-5.20309887557199,1.95992522814934e-07,3.61260884434308e-05
"AT2G40475","2",1201.25631557216,-0.904080933084481,0.175276089114975,-5.15803916922994,2.49549422795259e-07,4.5563957818674e-05
"AT5G25190","5",1233.95059315075,1.32526663112876,0.257025497824356,5.15616793799349,2.5205485445191e-07,4.55913051688063e-05
"AT5G08330","5",2727.12363867145,0.622877224200982,0.120895695331231,5.1521869533437,2.57466172552562e-07,4.61388916998359e-05
"AT3G23730","3",934.947738668946,1.02411804760758,0.198896767933315,5.14899290847674,2.61888781739642e-07,4.61441191727278e-05
"AT4G25810","4",480.878605323845,1.42234005779853,0.276250955302071,5.14872448583299,2.6226377539527e-07,4.61441191727278e-05
"AT3G62420","3",5818.22267443711,0.855307745860545,0.166221336379212,5.14559541206717,2.66673617455651e-07,4.64973080381682e-05
"AT1G04240","1",2272.05263616218,0.884176235366327,0.173429113403337,5.09819959299471,3.4289916495649e-07,5.8760517863423e-05
"AT4G38400","4",319.848361904659,1.22987196251788,0.241320185412903,5.09643219614449,3.4611444850833e-07,5.8760517863423e-05
"AT5G02830","5",2131.13757863542,-0.584185391089257,0.114614085842009,-5.09697727637539,3.45119736827964e-07,5.8760517863423e-05
"AT1G09575","1",596.517454668236,1.05723347667117,0.207560603450802,5.09361342708646,3.5130271186748e-07,5.91227190042017e-05
"AT1G55450","1",2548.60249023759,1.17127969713462,0.230303700814145,5.08580493059397,3.66070157647818e-07,6.10769123372058e-05
"AT2G30930","2",4811.93480342939,1.18714141094819,0.233797244099123,5.07765356911085,3.82124619565931e-07,6.32105973254618e-05
"AT2G03640","2",3245.37118410871,0.74296331652136,0.146399869895507,5.07489055182665,3.87719105005347e-07,6.35925047311312e-05
"AT5G59780","5",3688.6344443176,-0.718581934694765,0.14166539407411,-5.07238863373259,3.92853047979982e-07,6.38930915176855e-05
"AT4G02330","4",180.24673267572,1.29748822160976,0.255928756335476,5.06972424743467,3.98392488757797e-07,6.425406856182e-05
"AT5G37710","5",1133.72721301271,0.98107681803693,0.193614020878912,5.06717857303579,4.03755478608537e-07,6.45808556445424e-05
"AT1G69890","1",1708.01952888548,1.37755106791017,0.272094332898606,5.06277015487677,4.13207914231439e-07,6.55510325576661e-05
"AT4G15700","4",236.312972061359,1.29425005845889,0.256052666720268,5.0546244061298,4.31238585494447e-07,6.78552161273133e-05
"AT3G04210","3",700.836262918944,0.868741254626346,0.172154253957615,5.0462956020839,4.50458304552994e-07,7.03078227928923e-05
"AT1G63750","1",759.020563203452,0.938577216013116,0.18607503170258,5.04407930190938,4.5571028490212e-07,7.0558534831965e-05
"AT4G24700","4",505.345156657082,-0.808489440192821,0.16060897896909,-5.03389938334906,4.8060199292663e-07,7.38219918341428e-05
"AT1G22330","1",1501.53202484327,1.06400829003583,0.21258459255133,5.00510539012333,5.58314760779092e-07,8.50836525993587e-05
"AT2G03240","2",2237.08878992405,0.566820707464117,0.11367114633647,4.98649592031306,6.14842041677665e-07,9.29660380830433e-05
"AT1G66160","1",474.880572873655,1.00870499431295,0.202795501776765,4.97400083076457,6.55850273969981e-07,9.70049052699822e-05
"AT4G01250","4",1877.62224699656,1.27312915543507,0.255968002995206,4.97378242802835,6.56589986068392e-07,9.70049052699822e-05
"AT4G12690","4",1234.65485786406,0.572725852394045,0.115119648225373,4.97504866652131,6.52312495755196e-07,9.70049052699822e-05
"AT2G23170","2",761.931912657888,0.997400859735544,0.200662004318092,4.97055166534891,6.67626676159924e-07,9.7888232503024e-05
"AT4G38960","4",415.456484005746,-0.696714261833102,0.140548348987668,-4.95711452216513,7.15478072713002e-07,0.000104115508415695
"AT3G58620","3",1268.39365549633,0.897318682136172,0.181271902804548,4.95012557519013,7.41656121179173e-07,0.000107119496785834
"AT5G39580","5",402.622692396892,0.904502635788434,0.182848209557809,4.94674045743098,7.54664900412783e-07,0.000108190996167326
"AT5G05440","5",1169.95734205521,0.983260530159192,0.199551549482472,4.92735101636262,8.33519343578688e-07,0.000118617157173691
"AT1G57990","1",2621.08139203674,1.12152033263021,0.227842784501545,4.92234298787991,8.55141679052326e-07,0.000120805927418823
"AT2G36050","2",1040.97780046275,1.03647121056253,0.210923303551167,4.91397201310712,8.9249495606049e-07,0.000124268686184135
"AT2G46790","2",2166.99809372485,-0.864503744304191,0.17589624854246,-4.91485038178915,8.88502876139723e-07,0.000124268686184135
"AT3G44450","3",219.854964216362,-1.23229844388877,0.250932235064506,-4.91088139222924,9.06679208403353e-07,0.000125341924281704
"AT4G08040","4",432.713347838508,1.44616006266677,0.295384291465589,4.89585974762386,9.78768571789493e-07,0.000134348134314992
"AT4G35270","4",1829.72463133381,-0.71682471149376,0.146511159452966,-4.89262875381092,9.94979823781856e-07,0.000134663213352965
"AT5G01790","5",222.706733863512,-0.903920474385326,0.184732115733169,-4.89314200077137,9.92387492306836e-07,0.000134663213352965
"AT2G41640","2",1525.72402421787,0.914268378951608,0.187072675296918,4.88723635079523,1.02261302231532e-06,0.000137442030790908
"AT2G44500","2",1167.80254442673,0.987166961510118,0.202327241115267,4.87906105015154,1.06592068992528e-06,0.000142274682984924
"AT5G41100","5",1039.26527571709,0.787956864728269,0.161744030031619,4.87162873692607,1.10682006735724e-06,0.000146721887559124
"AT2G32390","2",260.588932437819,-0.987541109983331,0.202804388694184,-4.86942672366167,1.11922477032475e-06,0.000147356980985478
"AT3G12320","3",4426.01365558183,-0.563764777583962,0.115964444572197,-4.86153130525258,1.16481154830871e-06,0.000152322720986262
"AT4G36850","4",32059.5948053469,1.01210197992062,0.208634716825984,4.85107174547936,1.22796113268038e-06,0.00015950308565031
"AT3G24750","3",94.6543678740578,-1.22588906527337,0.253662667250809,-4.83275319367858,1.34657686399532e-06,0.00017374432417177
"AT5G50915","5",629.586327873117,0.890772302105377,0.185576555689294,4.80002605284243,1.58644991065454e-06,0.000203338752124556
"AT4G32800","4",111.718338216281,1.24882672220905,0.260715827337712,4.7899919807761,1.6678797868455e-06,0.000212369377596104
"AT1G03870","1",4402.74738747223,1.07023979311859,0.223803108001505,4.7820595642103,1.73508245938575e-06,0.000218508593815114
"AT1G33760","1",45.4322815330164,2.53447299914953,0.530048278655479,4.78158896313837,1.73915005976374e-06,0.000218508593815114
"AT3G10720","3",4887.49991503938,0.582219247898015,0.121794455420834,4.78034279874468,1.74996548730716e-06,0.000218508593815114
"AT4G24275","4",575.53765529364,0.908426161886651,0.190171833908443,4.77687017691594,1.78044638166184e-06,0.000220889482504379
"AT1G03457","1",517.782978884265,0.602268226074919,0.126125096971847,4.7751656136237,1.79559421218857e-06,0.000221349875049029
"AT1G16515","1",70.8199658630544,-1.32781611288914,0.279007357343905,-4.75907203856447,1.94485019304944e-06,0.000238231839470119
"AT1G12710","1",794.623545224156,0.848862068425474,0.178428534768006,4.75743450748597,1.96068838421396e-06,0.000238661402440736
"AT4G23180","4",2763.2896347856,0.974924520934237,0.20521014082029,4.75085937291965,2.02553966089375e-06,0.00024501434123086
"AT5G61590","5",8195.74506408225,1.02309802550446,0.215647535724869,4.74430659300352,2.09221765840051e-06,0.000251507953793066
"AT4G15800","4",2018.26365940995,0.559272725084641,0.118145352809528,4.73376829291197,2.20389309800453e-06,0.000262991654986679
"AT5G03120","5",1077.49385449427,0.963400513128449,0.203560176561076,4.73275534244484,2.21492403445431e-06,0.000262991654986679
"AT5G59540","5",4687.47350257818,-0.463117383819389,0.0983210643468751,-4.7102560056258,2.47405826370017e-06,0.00029196904655886
"AT4G36670","4",1391.36452037155,1.02317363184603,0.217429716922681,4.70576720757024,2.52912992682807e-06,0.000296659276386852
"AT1G35140","1",1680.63394969783,2.39640005141743,0.510137421545641,4.69755785442419,2.6329061960569e-06,0.000306971485051116
"AT3G14090","3",1519.30665373035,0.683271964787183,0.146179752120121,4.67419019992397,2.95115740926452e-06,0.000342016170652129
"AT4G28085","4",172.552738771893,0.871109900553861,0.186449510490831,4.67209540138052,2.98142412402271e-06,0.000343467157716283
"AT2G37025","2",897.629109863162,0.928593666146469,0.198985673390497,4.66663579505125,3.06171324910963e-06,0.000350629575285608
"AT3G06070","3",5698.3896535468,0.895584254966678,0.192566164365887,4.65078721340171,3.30670375101354e-06,0.000376458496453623
"AT3G44990","3",1009.17205185194,-0.824711558760901,0.177572175612629,-4.6443737928852,3.41109491063071e-06,0.000386072110528344
"AT3G51750","3",245.440251508594,-0.787413897742675,0.169683336319147,-4.64049042660074,3.47583279370893e-06,0.000391112022613038
"AT3G58120","3",3769.95715567738,1.14194000613398,0.247424934994494,4.6152988022787,3.92530153255079e-06,0.000439134600352532
"AT5G45750","5",1752.0369006952,0.869552381728429,0.18862695510728,4.60990520275259,4.02852623023761e-06,0.000448092509540338
"AT4G27820","4",2084.59611335394,-0.828786241266349,0.179860171838468,-4.60794756723951,4.06663172916667e-06,0.000449746231350238
"AT2G44940","2",799.370840177594,-0.775734695466606,0.168932626086293,-4.59197677463647,4.39067240479499e-06,0.000482824282513649
"AT2G28120","2",2049.4399238051,1.2374911893872,0.269566046587816,4.59067900075489,4.41806369606885e-06,0.000483091552393878
"AT5G14120","5",10252.8871848712,0.890926164677968,0.194150807197318,4.58883574855555,4.4572496035031e-06,0.000484638251832578
"AT5G48490","5",3167.50279827286,0.57188828699884,0.124701517316984,4.58605716516772,4.51694974444704e-06,0.000488385728234793
"AT4G19530","4",9729.64373049589,0.657898674394484,0.143650600155321,4.57985329461301,4.65302190599927e-06,0.000500303255381721
"AT1G72450","1",6458.44557970027,1.1532291395766,0.252337074342921,4.57019303477138,4.87275174118831e-06,0.00051817163296131
"AT1G79700","1",2656.14195070257,0.764250256760529,0.167201720573625,4.57082770523287,4.85801582716675e-06,0.00051817163296131
"AT1G13700","1",1322.01185585254,0.875071512147526,0.191656434256661,4.56583425201188,4.97511762016232e-06,0.000523306665329465
"AT5G12050","5",6901.59507406768,1.04836818062921,0.229573485286156,4.56659086445654,4.95720210696596e-06,0.000523306665329465
"AT4G03110","4",3278.62355252181,0.564553720273119,0.124360529041425,4.53965357517147,5.63467275585184e-06,0.000589478143333819
"AT1G69530","1",13838.7167498955,-0.553845974884092,0.122712971574968,-4.51334498525883,6.38130952012449e-06,0.000663999271249942
"AT2G21210","2",2882.48781832051,-0.917728987075054,0.203891926791029,-4.50105603256986,6.76166763955822e-06,0.000699814521369036
"AT4G35240","4",1497.11315669986,0.547992501759608,0.122143563203754,4.48646238398558,7.24154953263574e-06,0.000745494413056554
"AT3G48240","3",258.463482079419,-1.07511960053456,0.240034291177861,-4.47902503954283,7.49847382950029e-06,0.000762083216793802
"AT5G25240","5",83.0309359021754,1.73685616180469,0.387830499767035,4.47838981938758,7.52081711313507e-06,0.000762083216793802
"AT5G66200","5",1908.60029483275,0.753802960367042,0.168281930232721,4.47940524169523,7.48513094836356e-06,0.000762083216793802
"AT1G80630","1",1053.08837393566,0.684264717394947,0.15293237145812,4.47429612756859,7.66634336544744e-06,0.00077278338278578
"AT1G08930","1",6015.22523212687,0.983814758861821,0.220636816830929,4.4589782113096,8.23512910674551e-06,0.000825817040061931
"AT1G76160","1",3286.26943568194,0.565739815805794,0.126987795250269,4.45507235314093,8.38649068530487e-06,0.000836660519192735
"AT5G52750","5",139.562792367529,1.38725030229716,0.311905242270458,4.44766587505526,8.68084192530327e-06,0.00086158469037087
"AT1G03610","1",7177.04177203261,0.827943333671351,0.186305116680626,4.44401822356096,8.82941209640328e-06,0.000863052735928228
"AT1G13670","1",536.42877642336,0.992571477664315,0.22329798166799,4.44505351212766,8.78699927539328e-06,0.000863052735928228
"AT4G18340","4",584.524826326592,1.06145210383561,0.238796798944586,4.44500139250997,8.78912980548814e-06,0.000863052735928228
"AT5G19190","5",20545.7652571279,0.975181232881232,0.219852597704078,4.43561387522848,9.18102829258415e-06,0.000892912671229516
"AT2G02950","2",3023.14750888905,0.895914758174824,0.202311022505698,4.42840309479229,9.49333544837e-06,0.000918670071338765
"AT5G20700","5",13378.0175905188,-0.468242140762922,0.10576912250425,-4.42702113505867,9.55433740795968e-06,0.00091997336414752
"AT1G15550","1",62.7403964192755,1.30169737596209,0.294781196254257,4.41580871677899,1.00633044847655e-05,0.000964184133654217
"AT2G18700","2",17196.1860158406,0.941498374810206,0.213742703844315,4.40482111378161,1.05871206681373e-05,0.00100937504143414
"AT4G00300","4",2047.29231229007,0.533193829834181,0.121129976474784,4.40183219176283,1.07340565095463e-05,0.00101836730238117
"AT1G19380","1",304.802847973359,0.977744051349958,0.222411364867163,4.39610652060844,1.10209865281602e-05,0.00104048865007811
"AT5G23860","5",7558.00252198944,0.539638783174218,0.122793133958173,4.39469834981193,1.1092667905953e-05,0.00104217230413502
"AT2G21660","2",1476.28482585414,0.757561929240611,0.172887410302331,4.38182241214587,1.17690722262797e-05,0.00110037982544646
"AT1G05690","1",459.789946195155,-0.549434588141107,0.125573462377155,-4.37540367001192,1.21207961247299e-05,0.00112242051769388
"AT2G34490","2",1372.86186759341,-0.506754438390952,0.115810617029176,-4.37571659136645,1.21034190348127e-05,0.00112242051769388
"AT1G15100","1",493.097243475785,-0.697255043332985,0.159726027454725,-4.36531888035984,1.2693744364617e-05,0.00115884305864527
"AT1G51440","1",348.955555617947,-0.767171195263053,0.175687896835129,-4.3666707216775,1.26154690034315e-05,0.00115884305864527
"AT4G15670","4",67.4767338670373,1.33129659178191,0.304963668162677,4.36542687134704,1.26874743948401e-05,0.00115884305864527
"AT5G54130","5",822.84739112987,-0.778353843165172,0.178432125962628,-4.36218443828998,1.28770240843822e-05,0.00117005598182692
"AT4G19160","4",17961.0595600492,0.896656124039532,0.205936025868824,4.35405179961411,1.33644105891844e-05,0.00120866730160316
"AT1G67900","1",14198.6072987851,0.684906258612086,0.15752987930118,4.34778634790052,1.37518466485176e-05,0.0012153115983352
"AT2G24600","2",192.061796833446,1.30170538186718,0.299200904412897,4.35060644091779,1.35761532586676e-05,0.0012153115983352
"AT4G31890","4",574.319574418884,0.565472662251363,0.129961185162112,4.35108883891754,1.35463148630937e-05,0.0012153115983352
"AT5G22940","5",445.279400356464,0.806175098695559,0.185416487358726,4.34791484931893,1.37437939966057e-05,0.0012153115983352
"AT5G56870","5",21992.1967880104,1.11289961975516,0.255862424121722,4.34960164070719,1.36385059042694e-05,0.0012153115983352
"AT1G05170","1",1165.96255122905,-0.634733973681025,0.146187956860012,-4.34190330937341,1.41253698338971e-05,0.00123822945081195
"AT4G38550","4",1173.17388852916,0.620037989716864,0.142810304183874,4.34168944083011,1.41391293081245e-05,0.00123822945081195
"AT3G29030","3",809.329499705909,-0.827648823688128,0.190978238262429,-4.33373368200639,1.46601508776327e-05,0.00127807459498064
"AT4G32270","4",571.777349875877,-0.584043454099383,0.134802490593555,-4.33258652364475,1.4736771773859e-05,0.0012789931879429
"AT1G11210","1",981.549249568012,0.804100524078349,0.186102803582569,4.32073299595184,1.55511754201289e-05,0.00134364932625524
"AT4G04570","4",1603.8112177464,0.533220940506726,0.123510973109736,4.31719487816662,1.58024631345077e-05,0.00135327819250116
"AT5G47370","5",5313.93276181838,0.932307957593421,0.215906454049564,4.31811064517505,1.57370538749211e-05,0.00135327819250116
"AT2G41330","2",389.370102655096,1.09793770596816,0.254498489300249,4.31412268492034,1.60237948378172e-05,0.00136311420127699
"AT5G53420","5",1137.9844574946,-0.452929962485683,0.104999261732934,-4.3136490201018,1.60581811455593e-05,0.00136311420127699
"AT1G29690","1",1595.55431385653,0.746476467635586,0.173140708481305,4.31138623714357,1.62234236740339e-05,0.0013711272567129
"AT5G20250","5",29356.5679432935,1.04333661384972,0.24208689135566,4.30976087968726,1.63431162638073e-05,0.00137523770508577
"AT1G02660","1",4778.21220078115,1.19308619361645,0.277033780038221,4.30664518042471,1.65749158726866e-05,0.00138870528917739
"AT1G67265","1",511.930041197892,0.828459446934614,0.192544524263069,4.30269024842644,1.68736673271088e-05,0.00140764205796924
"AT1G16130","1",204.231367904011,1.40190741270594,0.326100396550844,4.29900554410199,1.7156618139608e-05,0.001424732839191
"AT1G17060","1",218.979630273924,0.902723565755583,0.210029771946748,4.29807430341096,1.72288412146122e-05,0.001424732839191
"AT4G27460","4",301.553545849128,1.12666331522848,0.262244849912628,4.29622665842189,1.73729952489964e-05,0.001424732839191
"AT5G42200","5",699.470543437322,1.05385312995354,0.245248686189115,4.2970796146932,1.73063050067339e-05,0.001424732839191
"AT1G19050","1",639.868462463895,1.12250698125595,0.261986600740759,4.28459691481203,1.83070794395929e-05,0.00148515932110593
"AT4G36640","4",574.660129518532,-0.527246212301055,0.12302719496746,-4.28560703542423,1.82240877716428e-05,0.00148515932110593
"AT5G44020","5",27981.2831564491,0.759628942372841,0.177309527303643,4.28419698548953,1.83400370850634e-05,0.00148515932110593
"AT4G32280","4",981.612682346692,0.8306661349077,0.194026954640065,4.28118936592418,1.8589708133859e-05,0.00149910504676128
"AT1G30720","1",232.268759759828,1.05806006847416,0.24764232826552,4.27253319690856,1.93264769989699e-05,0.00155205243086333
"AT1G58520","1",2388.57241995019,-0.959575083499081,0.224746987139231,-4.26957929765093,1.95842014049036e-05,0.00156625055367977
"AT3G59310","3",577.28224078044,0.729338644402656,0.170876601537272,4.26821833908939,1.97040418519289e-05,0.00156934990124375
"AT1G51940","1",2538.56571859339,1.08225946171454,0.254400843972556,4.25415043761131,2.09844193055609e-05,0.00166447725917962
"AT5G54380","5",3042.76439472024,0.861554573308563,0.202866977199709,4.24689412343547,2.1675432439322e-05,0.00170893068054433
"AT5G58430","5",3690.34496705369,0.430427081035066,0.101362373043986,4.2464187460201,2.1721450212561e-05,0.00170893068054433
"AT5G51790","5",1287.71187233985,0.801435931510592,0.188872660667676,4.24326066397048,2.20295300968971e-05,0.00172615192508237
"AT1G78830","1",9243.79449700358,0.916726865914302,0.216188104443632,4.24041308042149,2.23108818504821e-05,0.00173415585274791
"AT5G55250","5",202.517555287768,0.84374453841155,0.19895085432951,4.24096966688119,2.22556215363404e-05,0.00173415585274791
"AT1G01540","1",3508.15087827791,0.439125099626879,0.103630712652521,4.23740306697772,2.26119989811438e-05,0.00174355628797234
"AT2G43290","2",2952.48534472324,0.702966571361079,0.165886414924319,4.2376379746454,2.25883607251425e-05,0.00174355628797234
"AT1G35350","1",1731.77555055539,0.678197811027844,0.160306371417249,4.23063540788791,2.33032114845608e-05,0.00178972363123885
"AT3G13450","3",5333.66393416089,0.682303268133304,0.161356564553489,4.22854359859109,2.35208940729858e-05,0.00179930191260304
"AT4G31000","4",331.675144241998,0.763578436650954,0.180643650959876,4.22698740085008,2.36840923440155e-05,0.00180465324104755
"AT1G13360","1",3445.89213138879,-0.615672290652108,0.14583712450807,-4.22164310170582,2.4252790602945e-05,0.00184073925227214
"AT3G15450","3",62544.6161731438,0.959225153432908,0.227676269577966,4.21310993548421,2.51878389750368e-05,0.00190423998251118
"AT5G42930","5",61.3124422936642,-1.2653658532368,0.300456177102441,-4.21148223824127,2.53700504883818e-05,0.0019105523624597
"AT2G33830","2",13592.5178051193,0.799756227254335,0.190324950429235,4.202056669137,2.64500895712322e-05,0.00197650592108737
"AT5G51260","5",368.593649880197,-0.613782278116104,0.14605478989739,-4.20241115370002,2.6408691102638e-05,0.00197650592108737
"AT4G29110","4",200.440041460306,-0.861293878432135,0.20508129337298,-4.19976812251572,2.6718846487071e-05,0.00198890982657989
"AT2G23320","2",1547.49447086535,0.807549725176257,0.192624855879576,4.19234434460065,2.7608650709021e-05,0.00204727136330418
"AT4G25835","4",858.099258224905,0.711657943656335,0.169964984059307,4.1870856376394,2.82559233494876e-05,0.00208727152864879
"AT3G60690","3",1339.6453222265,-0.555607699468029,0.132959157546668,-4.17878474653402,2.93070901118956e-05,0.00215668981758794
"AT4G02380","4",3776.11501916497,0.744069405569718,0.178442761113524,4.16979316463472,3.04876206050455e-05,0.00222690630022761
"AT5G64660","5",418.87224764781,0.69644015954343,0.16702143863408,4.16976506273085,3.04913800537521e-05,0.00222690630022761
"AT1G32240","1",335.348548323169,-0.949595966055124,0.228077552028193,-4.16347842043544,3.13435661196831e-05,0.00228053901759529
"AT5G67160","5",197.892553590638,-0.681223103919259,0.163698800077752,-4.16144225611732,3.16243967626406e-05,0.00229235421327395
"AT1G05630","1",616.154463177423,0.541221264767202,0.130236662130033,4.15567518328154,3.2432832438927e-05,0.00233770681172262
"AT3G50340","3",784.759370765412,0.633999456508032,0.152577527598028,4.15526104327978,3.24916364758388e-05,0.00233770681172262
"AT1G16090","1",192.849638445372,-0.873447923908486,0.210325247297063,-4.1528439173773,3.28368718225232e-05,0.00235379561945598
"AT1G29500","1",2173.91344567854,0.570271266600511,0.137357326698111,4.15173533373923,3.29963725795614e-05,0.00235650108820971
"AT5G01810","5",1425.01087327907,0.676875967106317,0.163126178245834,4.14940124500591,3.33346058739073e-05,0.00237190427236619
"AT2G26980","2",13564.2691158919,0.52745079871284,0.127147960606798,4.14832291603927,3.34919765944136e-05,0.00237437258244791
"AT1G49130","1",877.226654717579,0.655173315504644,0.15828218698522,4.13927383733852,3.48406879132188e-05,0.00245781097414196
"AT2G37470","2",1458.70460743384,0.61742203989744,0.149211444749441,4.13790001788553,3.50499033204083e-05,0.00245781097414196
"AT4G27260","4",7810.50884978464,0.678022833954528,0.163825185002178,4.13869719692679,3.49283581497269e-05,0.00245781097414196
"AT3G47570","3",511.697502212654,0.708208325414276,0.171249666090279,4.13553113172743,3.54134599113946e-05,0.00246926026202931
"AT5G18050","5",1247.84967970292,0.697979365212914,0.168790747273715,4.13517551457399,3.5468345191906e-05,0.00246926026202931
"AT3G03830","3",298.584416615824,0.639922411846093,0.154982673191153,4.12899325240585,3.64355094826667e-05,0.00252750125637108
"AT4G35770","4",33679.4489344722,0.688796967182566,0.166897923795682,4.12705533728386,3.67437998659663e-05,0.00253978393787825
"AT4G30510","4",903.474445715787,0.836592409117512,0.202762867547373,4.12596457742467,3.69184094193433e-05,0.00254277187153726
"AT1G52830","1",196.508155234184,1.06160963075981,0.257593960020806,4.12125203042055,3.76818916260461e-05,0.00258590063944299
"AT1G77210","1",5164.19916656756,0.885343041595358,0.214865143900318,4.12045911926084,3.7811815695069e-05,0.00258590063944299
"AT5G36000","5",138.380300392889,1.16593420426867,0.283355471924906,4.11474038721816,3.87615423314207e-05,0.00264151721930393
"AT2G39180","2",307.210196589701,0.823134643010032,0.200417123146546,4.10710736730889,4.00645022323096e-05,0.00272073114457586
"AT5G64410","5",2052.80289347424,0.439580393588198,0.107126103318982,4.10339198355129,4.07136580955986e-05,0.00275514733839935
"AT4G23810","4",158.984874560085,1.44873091197977,0.353229642949857,4.10138543266433,4.10683830015096e-05,0.00275985237712228
"AT5G06790","5",328.151405849139,-0.664780014763056,0.162055264304068,-4.10218092956063,4.0927402913959e-05,0.00275985237712228
"AT5G57560","5",19833.760333475,2.15050590444665,0.525593358903343,4.09157739156695,4.28448912317548e-05,0.00286927344255842
"AT1G20090","1",3108.36764488106,0.655253384879782,0.16025556544495,4.08880267627817,4.33605499447768e-05,0.00289379339183176
"AT4G38470","4",7381.49115444386,0.856253856262346,0.210054364074401,4.07634404567315,4.57493143116047e-05,0.00304272243706803
"AT2G32800","2",3007.99967873646,0.580650096950829,0.142810543475234,4.06587695012535,4.78521804800171e-05,0.00317168185277483
"AT1G22910","1",1171.83984653073,0.469740707611531,0.115647658892501,4.06182634486508,4.86902918760067e-05,0.00320527860193277
"AT4G37220","4",337.235951362091,0.973199381028569,0.23958622153724,4.06200062250784,4.8653947370146e-05,0.00320527860193277
"AT3G03850","3",521.769268111185,0.732865706073126,0.18079708853305,4.0535260386074,5.04513814496644e-05,0.00328766342281753
"AT5G13220","5",174.211023749083,1.24069781921877,0.306050881635267,4.0538939557683,5.03720575513362e-05,0.00328766342281753
"AT5G25120","5",2358.39162988592,-0.425685138923628,0.105008513296224,-4.05381550087078,5.03889627089038e-05,0.00328766342281753
"AT3G53460","3",8133.94629037083,0.556634683617877,0.137683132810376,4.0428676502045,5.28014280120921e-05,0.00342925784478534
"AT2G21320","2",935.799384287464,-0.693453635394546,0.172573511253704,-4.01830866369223,5.86173795887505e-05,0.00378939693309225
"AT5G44680","5",10002.7956575119,0.832073173027147,0.207095508185141,4.01782337202255,5.87381977848339e-05,0.00378939693309225
"ATMG00030","Mt",20478.2072221344,1.00097190934722,0.249502000337535,4.01187929552899,6.02372990082982e-05,0.00387319828905848
"AT3G21330","3",360.295677094621,0.812720431127575,0.203050120622067,4.00256069111268,6.26605868896558e-05,0.00401567218100132
"AT5G26740","5",2652.93924776766,0.685290206983577,0.171379064469794,3.99868098885766,6.36964636676626e-05,0.00406858533935294
"AT3G47500","3",3182.51257328181,-0.703871104066359,0.17627421157026,-3.99304638946468,6.52298007603334e-05,0.00415282093393254
"AT5G11590","5",130.235435754693,-1.03950992042947,0.260581504152381,-3.98919303121987,6.62984547798871e-05,0.0041932689340194
"AT5G60890","5",1235.97469423435,-0.637597814518832,0.159819058980712,-3.98949798969709,6.62132803891637e-05,0.0041932689340194
"AT2G21560","2",984.893959949031,-0.419427515376942,0.105286942119857,-3.98366128726077,6.78615770782764e-05,0.00426916298257936
"AT5G57660","5",21505.5221171866,0.554313355121924,0.139156237608027,3.98338848944237,6.79395576436108e-05,0.00426916298257936
"AT1G65330","1",29.1806361564105,2.06627432620036,0.519317619696316,3.97882576641376,6.92564694114315e-05,0.00433783077342668
"AT3G45210","3",1138.18121753493,-0.838254739684476,0.210929462097729,-3.97409983104253,7.06459291847304e-05,0.0043964029371102
"AT5G17490","5",811.22182552912,0.738330927270494,0.185782473431065,3.97416889567063,7.06254351333865e-05,0.0043964029371102
"AT5G19970","5",399.290578424525,-0.662420924601793,0.16672373449453,-3.97316510819595,7.09238502199914e-05,0.00439955191396703
"AT3G57800","3",4240.53451422576,0.637185974369589,0.160470791852734,3.97072867288112,7.16531448772073e-05,0.00441648078329131
"AT4G34560","4",1055.34584726913,-0.726182369264851,0.182869133548592,-3.97104943394885,7.15567280674938e-05,0.00441648078329131
"AT3G23635","3",142.648868744399,0.737439474232808,0.185756800365342,3.96991912426587,7.18970319317514e-05,0.00441744493970513
"AT1G57680","1",3594.63045579424,0.756985102680172,0.190978924494549,3.96371015641455,7.37938410733806e-05,0.0045053817038934
"AT1G72430","1",3338.74266003567,0.964692370215302,0.243335357414875,3.96445621575063,7.35634468974277e-05,0.0045053817038934
"AT4G26850","4",16210.5365256382,-0.726283010114198,0.183361892832508,-3.96092666199525,7.46594623488075e-05,0.00454389696320383
"AT4G17480","4",196.567563173406,0.796203605472057,0.201264912390208,3.95599807247274,7.62157751947767e-05,0.00460962535349909
"AT5G02290","5",2644.72363460947,0.554993195209914,0.140271091847624,3.95657571278335,7.60317978697168e-05,0.00460962535349909
"AT1G68410","1",1130.60517410044,0.448050740946947,0.113335952240848,3.95329753787926,7.70814884790665e-05,0.00464746145801823
"AT1G03310","1",2887.41218601025,-0.61147576474395,0.155203045406087,-3.93984385515136,8.15346602190501e-05,0.0049006888629798
"AT5G57550","5",537.529731162793,0.997366138826707,0.253339072395283,3.93688241374202,8.25470293435627e-05,0.00494617710809694
"AT1G07010","1",3227.53684718433,-0.613835181407276,0.155957188959294,-3.93592104027659,8.28782213084136e-05,0.00495069473828098
"AT5G66740","5",250.474319470831,-0.951975322481692,0.242295286931913,-3.92898819674195,8.53040259527381e-05,0.00507992036396706
"AT1G14290","1",2454.55993587942,0.720551055344938,0.183438918206713,3.92801627042395,8.56494178104226e-05,0.00508484304387399
"AT2G16720","2",415.161127242671,-0.765924021384582,0.195045111448237,-3.92690704061993,8.60452175286521e-05,0.00509271908272028
"AT1G62030","1",1115.50162326228,-0.567324956416587,0.144529316017048,-3.92532789921781,8.66116754459019e-05,0.00509874404057106
"AT5G38590","5",377.686834163541,-0.554339148289008,0.141227326544263,-3.92515500968057,8.6673906652262e-05,0.00509874404057106
"AT5G61440","5",842.355213562147,0.766437742913373,0.195317481401437,3.92406116141805,8.70686151868618e-05,0.00510644235856522
"AT1G53440","1",2017.57177177176,0.448158639156024,0.114236585918651,3.92307451725808,8.74260959898648e-05,0.00511191740721403
"AT3G52500","3",2668.88224111482,0.813676396355825,0.207761635243989,3.91639387801443,8.98833543148998e-05,0.00523976638376678
"AT2G23100","2",350.110150738413,0.692895510135176,0.176989605255265,3.91489381049153,9.0444004589071e-05,0.00524087803837389
"AT2G46340","2",9117.95147299563,-0.534232316304066,0.136454041650463,-3.91510804548056,9.03637325533456e-05,0.00524087803837389
"AT1G02620","1",379.545740518459,1.06446561907021,0.272198245912574,3.9106262992308,9.20571081091946e-05,0.00531029679988845
"AT2G01300","2",188.440481971877,1.00957059195268,0.258183977453036,3.91027592770092,9.21907473784499e-05,0.00531029679988845
"AT4G34970","4",442.438687963653,0.568065163205924,0.145442468895705,3.90577227902584,9.39249325773125e-05,0.00539413396172495
"AT4G15210","4",50.0618734321667,-1.9183149695751,0.491805486318682,-3.90055626246524,9.59719184400671e-05,0.0054953861227487
"AT4G36500","4",1640.08363758924,0.786658758270591,0.201915440413917,3.8959811922158,9.78019785732428e-05,0.00558365632243817
"AT5G42760","5",510.864219248457,-0.767028053528571,0.196928011950278,-3.89496672379059,9.82122118192748e-05,0.00558586251329397
"AT5G62920","5",520.084049163156,0.932204400141653,0.239366811422826,3.89445969806973,9.8417852486992e-05,0.00558586251329397
"AT4G29310","4",518.834788068695,0.780608226465854,0.20098429565281,3.88392647261512,0.00010278300177394,0.00581655618810771
"AT5G05140","5",2697.25244456483,0.547208723255715,0.141015530106109,3.88048552414023,0.000104248149851591,0.00588227023973091
"AT3G08505","3",413.610849103619,-0.528761762581945,0.136329322529765,-3.87856224009695,0.000105075644598466,0.00591172681848465
"AT2G42380","2",2179.7396505827,0.830414403951232,0.214552284921235,3.87045238999011,0.000108633572204392,0.00609418596070665
"AT1G28130","1",2580.55871456499,0.482273825154864,0.12477346242402,3.86519549738827,0.000111000254414558,0.00620895642757039
"AT1G01620","1",36851.9910543512,0.487731957793315,0.126361951323515,3.85980077614195,0.000113479503695083,0.00632934384586352
"AT1G49840","1",909.105000095439,0.627288710241155,0.162626633484706,3.85723234134431,0.000114678145890002,0.00637781849297441
"AT2G46780","2",628.220210700645,0.881165997987773,0.228538720419272,3.85565297806518,0.00011542112463048,0.00638245841742375
"AT3G09922","3",161.507816670862,-1.2795824612342,0.331864935424078,-3.85573263291305,0.000115383544204697,0.00638245841742375
"AT2G20680","2",573.169759206171,0.734578016127517,0.190626249435627,3.8534987615941,0.000116441852641167,0.00642055731059017
"AT1G70420","1",1266.74309103465,-0.576366547050934,0.149646575079826,-3.85151846437838,0.000117387677206439,0.00645432132003813
"AT3G21150","3",136.993565231603,-1.05910636081776,0.275827157010247,-3.83974650029988,0.000123161415340846,0.00675259499293694
"AT2G34720","2",2396.66290079941,-0.399887502665271,0.104178361153195,-3.83848908966068,0.000123793714064663,0.00676808910171605
"AT1G15670","1",1461.29995321192,0.74400499951738,0.19406175104482,3.83385698372651,0.000126149503799615,0.00680082868116366
"AT2G26190","2",3461.36368928869,0.622642724387744,0.162378846850563,3.834506380999,0.000125816706285266,0.00680082868116366
"AT4G16880","4",2485.06702131695,-0.47105211839764,0.122796490160322,-3.83603894364276,0.00012503458985706,0.00680082868116366
"AT4G34610","4",1302.62416224776,-0.488950516827303,0.127468410667387,-3.83585638408216,0.000125127514900596,0.00680082868116366
"AT5G54710","5",452.137123624236,0.777631298456536,0.202821190342485,3.8340732402932,0.000126038586461243,0.00680082868116366
"AT3G21700","3",484.310376038365,-0.524461665485357,0.136900068204871,-3.83098176912884,0.00012763296323531,0.00684268246663766
"AT4G13810","4",1272.520643789,-0.610434792006641,0.159322753863085,-3.83143510393514,0.000127397979584515,0.00684268246663766
"AT1G25440","1",9060.52959979776,-0.637790177064581,0.166545208111994,-3.82953183880076,0.000128387272399725,0.00686410848073002
"AT5G62040","5",51.3684887700143,1.18069747145756,0.308517249219351,3.82700634873775,0.000129711170586672,0.00691578511166513
"AT3G12150","3",1540.31730849374,0.506717639684513,0.132626333538757,3.82064124193283,0.000133105152113735,0.00707724481870667
"AT1G71490","1",153.145626601917,-0.863735887398164,0.226324483029194,-3.81636081009737,0.000135434418010305,0.00718136363334641
"AT1G03730","1",449.031096040822,0.555454786897239,0.145692395470311,3.81251735963411,0.000137558564397595,0.00727406681789904
"AT1G72790","1",583.429736336539,0.866201657115013,0.227370687447635,3.80964523984431,0.000139166335157016,0.00733903338046018
"AT2G16250","2",496.133066933083,0.537721555358211,0.141231450353186,3.80737827171992,0.000140447832549248,0.00738648736727758
"AT2G35470","2",1691.11377582512,0.762402044226214,0.200350709623475,3.80533737893426,0.000141611031205057,0.00742747939821864
"AT5G61420","5",1429.67872866927,-0.518215430495171,0.136269244151437,-3.80287887939903,0.000143024291369215,0.00748133009502644
"AT1G76240","1",420.522976618929,-0.78734715854117,0.207359790756814,-3.79700980439622,0.000146451999161438,0.00763596825587202
"AT3G60390","3",1753.5450358466,0.552106617691765,0.145426215030295,3.79647244189607,0.000146769669896889,0.00763596825587202
"AT5G02230","5",2254.15913899755,-0.560176396403303,0.14759968115886,-3.79524123633026,0.000147499965439324,0.00765338962764791
"AT3G45260","3",1218.98915319596,0.591496633333575,0.156007035884137,3.79147408308473,0.000149755778090305,0.0077496613079138
"AT1G49510","1",2221.68747465598,0.459114128271491,0.121320104184738,3.78432026049355,0.000154129248068823,0.00795471324566399
"AT3G09260","3",101478.603551836,-0.394237830057059,0.104223318306285,-3.78262596570276,0.000155182516079429,0.007987772383514
"AT5G11070","5",3214.81506334375,0.563609791061378,0.14904321195185,3.78151935724157,0.000155874098941505,0.00800208835786175
"AT3G17390","3",10275.3664905161,0.488492371025903,0.129332919028118,3.77701496801214,0.00015871919638576,0.00812659081177247
"AT3G48390","3",1253.48664892578,0.817689316448389,0.216544461967104,3.77608048259672,0.000159315532267382,0.00813560108575964
"AT5G49480","5",2264.36044407989,-0.776908133942542,0.206102074586782,-3.76953087687342,0.0001635546750928,0.00833009784670011
"AT3G15570","3",2372.82216028018,0.440983957728024,0.117031050491515,3.76809364588244,0.000164498995714835,0.00835620357759818
"AT5G06690","5",2983.84730974268,0.61007976354258,0.161956489532962,3.76693620182731,0.000165263211174281,0.00837304761535874
"AT1G22882","1",566.898406954468,0.544088954740728,0.144527811563909,3.76459692327202,0.000166817954708161,0.00842744606355699
"AT3G17860","3",3002.76767916266,0.774216742748191,0.205689145277621,3.76401361240148,0.000167207775571246,0.00842744606355699
"AT4G12320","4",2638.49692949821,-0.700444038852929,0.18666809521054,-3.75235006315841,0.000175184608695532,0.00880655303037227
"AT1G53430","1",3506.28937731209,0.591690600393699,0.157793548583763,3.74977688064101,0.000176991978087698,0.00887435944017955
"AT1G67030","1",263.284290315242,-0.749788712839579,0.200048058926023,-3.74804292960847,0.000178219755387961,0.00891282983405323
"AT1G23110","1",85.551007354658,-1.51327598960119,0.403958080213204,-3.7461213520039,0.00017958974090105,0.00895819547783226
"AT1G56540","1",314.68790082132,0.752849044904694,0.201077749452445,3.74406938089758,0.000181063619466703,0.0090084968924385
"AT3G11700","3",4611.27313535463,0.53520902299553,0.142983110043909,3.74316255137528,0.000181718588918453,0.00901790146135319
"AT4G27440","4",24975.6188673156,0.46623468674342,0.12478393378838,3.73633586142671,0.000186721235059444,0.00923525702043307
"AT5G65480","5",6895.17427580957,-0.459504115942799,0.12299724691576,-3.73588944033447,0.000187052844477098,0.00923525702043307
"AT1G12450","1",672.457738826539,0.626186903421561,0.167709754948331,3.73375361268927,0.000188647048708919,0.00929026712649472
"AT1G13430","1",62.6416511198127,-1.10241121392222,0.29552263124317,-3.7303783107396,0.000191192471287599,0.00939172357690402
"AT1G80420","1",2405.72520822708,0.427714868945081,0.114701446042009,3.72894051212252,0.000192286534607398,0.00942155339440907
"AT2G35650","2",1139.99239853723,0.538758468770748,0.144564123524342,3.7267785093307,0.000193942746799069,0.00947870687259897
"AT1G25550","1",11537.1045342075,0.769130638119268,0.206501398150086,3.72457835641511,0.000195641939908293,0.00953766777074333
"AT1G68190","1",4708.61418385323,0.573982433054117,0.154189695665237,3.72257322759295,0.000197202689247008,0.00958960011981554
"AT1G56600","1",3745.56563146324,-0.542115389246399,0.145724815599207,-3.72013089889508,0.000199119549377957,0.00965854576105509
"AT5G66270","5",230.060840852282,-0.677431219466577,0.182131944369796,-3.71945306909554,0.000199654638969276,0.00966028970652843
"AT2G06050","2",1412.63411646762,0.7558071184359,0.203249241899483,3.71862207884487,0.000200312479218797,0.00966794943341796
"AT5G64000","5",136.222919560376,-0.912382759821135,0.245441848462441,-3.71730723809617,0.000201357513619151,0.00969421223528617
"AT5G36001","5",234.801730741595,0.894826164070661,0.241109825116486,3.71128038286432,0.000206213534682737,0.00990336662592975
"AT4G15690","4",282.372899157973,0.728690467963454,0.19656192582896,3.70718014127278,0.000209579868256413,0.0100153302968756
"AT5G18170","5",4388.32606217309,0.586772085784286,0.158271388512854,3.70737940254205,0.000209415086951774,0.0100153302968756
"AT3G54830","3",1838.47469812129,0.466867807221307,0.126003075292529,3.70520962395104,0.000211215978858459,0.0100686553074547
"AT5G48450","5",279.190371628255,0.645724717496874,0.17441114443789,3.70231340192154,0.000213642481159479,0.0101593036372495
"AT4G01070","4",2444.37341012262,-0.578361176076412,0.156424790675258,-3.69737541971276,0.000217840065798228,0.0103335211604385
"AT2G23770","2",454.342997405839,0.875612973647313,0.236981583468262,3.69485662485913,0.000220010898880265,0.0103855876510455
"AT2G41000","2",376.043759322626,-0.567623313519538,0.153622595725189,-3.69492072985761,0.000219955398764876,0.0103855876510455
"AT1G70100","1",2420.39786738423,0.50973918386828,0.138101133758703,3.69105719840738,0.000223323906004975,0.0105163281674459
"AT1G79410","1",789.995884355027,-0.849035341611738,0.230063657471765,-3.69043659890497,0.000223869482892543,0.0105164319706366
"AT5G50900","5",1231.41569027343,0.427215041744838,0.115792991474581,3.6894723618797,0.000224719638603959,0.0105308084395666
"AT1G70940","1",5942.7265397392,0.478637978554871,0.129938127023991,3.68358379112619,0.000229977638988055,0.0107511768719199
"AT2G40900","2",487.989082315692,-0.540254814353935,0.146695629631358,-3.68282828678387,0.000230660537592096,0.0107571181796565
"AT5G45850","5",155.837730047482,-0.947288386457175,0.257674816811738,-3.67629401343198,0.000236646770112249,0.0110097634345011
"AT1G60190","1",908.095889536861,-0.990432904560434,0.269721597269608,-3.67205635212971,0.000240606608366416,0.0110793154995682
"AT2G41430","2",41806.0839669864,0.552604433876762,0.150434338597228,3.67339291700083,0.000239351007132464,0.0110793154995682
"AT3G22970","3",7821.45501124806,-0.3668212287292,0.0999048801067698,-3.67170480898603,0.000240937881408869,0.0110793154995682
"AT4G25940","4",1140.26431033224,0.645968535891917,0.175843960090562,3.67353269091093,0.000239220055813943,0.0110793154995682
"AT5G35750","5",2918.39424575452,0.468668538083543,0.127645743481797,3.67163467656388,0.000241004021149023,0.0110793154995682
"AT2G32290","2",330.829606755344,-0.641206615829982,0.174970063231468,-3.6646647088521,0.000247662816875006,0.0113584506108978
"AT3G49940","3",2634.81200766538,0.524918036308296,0.143355576360873,3.66165062869201,0.000250595451679988,0.0114657786567718
"AT5G52900","5",5034.14307341125,0.559697929217392,0.153016262434478,3.65776761445246,0.000254421559314652,0.011613384101358
"AT1G17970","1",1559.42964421481,0.689274793263862,0.188501698670792,3.65659725150616,0.0002555854714598,0.0116390616814893
"AT4G01480","4",841.288161840779,-0.474907487822822,0.130041035464987,-3.65198174656714,0.000260224385496213,0.0118169066664257
"AT5G04040","5",6989.81452885942,0.500367133545186,0.137030529627278,3.65150112829732,0.000260711953423778,0.0118169066664257
"AT2G42040","2",349.433068969135,0.572147605625011,0.156823666556815,3.64834988357915,0.00026393004481662,0.0119348179611702
"AT4G26610","4",1816.10246545664,0.443445767963975,0.121592663025644,3.64697800779682,0.000265342624716211,0.0119707253117892
"AT2G31560","2",781.256070181763,-0.623476130181145,0.171117123895662,-3.64356363633896,0.000268889133345444,0.0121025122948087
"AT1G62510","1",1098.76437900743,-0.427978685636547,0.117505192494412,-3.64221083810316,0.000270306536403561,0.0121380805233284
"AT4G25480","4",191.635352847915,-0.965780646229862,0.265471313723759,-3.63798495846079,0.000274779468419492,0.012310374610627
"AT1G45207","1",746.689271573051,0.523639091580909,0.14403418726239,3.63551946613193,0.000277421043105625,0.0123807139138302
"AT5G43270","5",2333.08942841495,0.613912912119412,0.168874220783615,3.63532639422829,0.000277628905580361,0.0123807139138302
"AT1G27460","1",1527.03387202071,0.678027923633609,0.186567398346329,3.63422510922821,0.000278817349523535,0.0124051286958126
"AT1G45201","1",5934.25409906003,-0.441501515089711,0.121618499823191,-3.63021674935611,0.000283183316951081,0.0125704814593377
"AT5G04480","5",1585.98189848183,0.404841209599848,0.111772519269154,3.62201024229372,0.000292322544403647,0.012946477172513
"AT1G21130","1",19070.8165923216,0.656717942258021,0.181481682173475,3.6186458842181,0.000296148541733758,0.0130859791705826
"AT5G25040","5",774.578430041641,-0.644775881663877,0.178593234567745,-3.61030407016508,0.000305838255926579,0.0134833567316697
"AT3G61750","3",953.627196451836,-0.531128045033057,0.147185039888476,-3.6085735713052,0.000307885205868652,0.0135427506235952
"AT4G36730","4",5051.54847508698,0.458572281223679,0.12729789786271,3.60235548994098,0.000315346712935634,0.0138395017735969
"AT4G25620","4",2695.6208166542,0.386235973057922,0.107367476398399,3.59732747768749,0.000321503603655751,0.0140777844912973
"AT1G73630","1",314.373213859496,-0.630304948308727,0.175361074592859,-3.59432644771438,0.000325231850784089,0.0142088876751134
"AT1G52290","1",654.670048930311,0.664305476745997,0.184856605726596,3.59362584926236,0.000326108026617047,0.0142150782593386
"AT4G34020","4",3006.40194041864,0.375570558537905,0.104738026633809,3.58580899992508,0.000336034846454236,0.0146148728500568
"AT1G70290","1",23118.5696226771,0.723453447658254,0.202093167538115,3.57980161561776,0.000343855156631757,0.0149214634561682
"AT5G52100","5",2259.41438507362,0.505158693189563,0.141573437465416,3.56817424393586,0.000359477424619694,0.0155644878659722
"AT4G15680","4",82.6919700811825,0.973009202126338,0.27276973947441,3.56714496263843,0.00036089185615817,0.0155908504109045
"AT3G28070","3",639.794345754979,-0.579436297621543,0.162669747706871,-3.56204091903849,0.000367983011666896,0.015861788881517
"AT5G02410","5",391.383804849653,-0.583289067234907,0.164015031835588,-3.55631469083643,0.000376093544795286,0.0161753654799288
"AT1G27210","1",3298.12479586315,0.459904197505357,0.129406687761465,3.5539445871074,0.000379499164758145,0.016213745772029
"AT4G37540","4",3260.49747211467,0.422556261382842,0.118882323412342,3.55440783166065,0.000378831267154327,0.016213745772029
"AT5G16370","5",6763.13338400743,0.75593307370314,0.212663748868586,3.5545930029206,0.00037856459808179,0.016213745772029
"AT1G28330","1",10046.4965846401,0.544443967501094,0.15322837545613,3.55315368893257,0.000380642011671826,0.0162260689121457
"AT5G44250","5",2522.99254111405,0.551796448956192,0.155322476560037,3.55258595650131,0.000381464366798919,0.0162260689121457
"AT1G77280","1",699.930339936442,-0.668231968096979,0.188349152994563,-3.54783633200765,0.000388409497601582,0.0164852574925023
"AT5G65140","5",486.834123124663,-0.514607913200557,0.145226716004313,-3.54347965277458,0.000394883780821124,0.0167233713216893
"AT3G20670","3",647.169907791026,0.430303713726538,0.121469184062275,3.54249283098773,0.000396364196368672,0.0167313829039883
"AT5G13740","5",4429.99177729447,0.415214661083957,0.117219372739183,3.54220169739199,0.00039680194031883,0.0167313829039883
"AT1G29670","1",7541.17667784914,0.355486314286369,0.100408025341721,3.54041734290196,0.000399494751288745,0.0167718468903305
"AT3G07650","3",393.36508339556,0.863320592836698,0.243828807593635,3.54068332350421,0.000399092273862422,0.0167718468903305
"AT1G30730","1",91.6077228906746,1.16002710643132,0.327767674333559,3.53917484019731,0.000401379914005217,0.0168145170035865
"AT1G23870","1",6451.51079000269,0.550050855830578,0.155532020968067,3.53657627803545,0.000405349428160037,0.0169441313879252
"AT5G07000","5",1533.10387307122,0.621914461637941,0.176004663709728,3.53351126344937,0.000410078616191267,0.0171048740038055
"AT3G18830","3",2319.85656657239,0.532715860722291,0.151008673711141,3.52771696903519,0.000419160082414237,0.0174086356975218
"AT4G10925","4",1692.27895049629,0.572894860660842,0.162390812886249,3.52787728861325,0.000418906305184587,0.0174086356975218
"AT4G02130","4",1132.64475882203,0.59441738897945,0.168691494702235,3.52369507442377,0.000425573698491708,0.0176371592304251
"AT5G15330","5",771.908725801531,0.722550349625426,0.205429184117671,3.51727215745327,0.000436006485430231,0.0180309177756767
"AT1G74910","1",10717.7398146243,0.454186170139557,0.129307145761586,3.51245994538445,0.000443978921254292,0.018321467040417
"AT3G21660","3",98.4786199382903,-1.23775687496827,0.352470730179181,-3.51165861159321,0.000445319640661873,0.0183376943092976
"AT5G03470","5",2245.65317938382,0.592289531556215,0.168800017678136,3.50882387160397,0.000450092860751959,0.0184948985711113
"AT4G34260","4",3690.75388620321,0.31768383357197,0.0906523411917127,3.50441951521283,0.000457603866263155,0.0187636975162227
"AT4G16750","4",199.414637282753,-0.68437991761936,0.195356827357941,-3.50323009886626,0.000459652213359769,0.0187923740146172
"AT4G23020","4",639.281963325092,-0.487739273073576,0.139239237430082,-3.50288670116058,0.000460245183575931,0.0187923740146172
"AT4G37250","4",1429.51155012947,0.517191966368103,0.147838418827361,3.49835969885511,0.000468129315481836,0.0190740521512325
"AT2G43530","2",1476.36678980304,0.677768024421596,0.19382994260802,3.4967147763761,0.000471025155082151,0.0191517244778571
"AT1G70520","1",4378.55691711742,0.634680703738912,0.181823081624505,3.49064980127019,0.000481847398276762,0.019509779385457
"AT5G16590","5",2307.38475400443,0.386660982429431,0.110764717458194,3.49083165923634,0.000481519548831228,0.019509779385457
"AT1G36280","1",404.987429875585,-0.571040306645886,0.163818957500524,-3.48580112679609,0.000490665633704888,0.0198210013174591
"AT1G52890","1",799.866629324784,0.857378991963379,0.245998488951267,3.48530186351359,0.000491582134565485,0.0198210013174591
"AT2G46915","2",2853.47870271455,-0.42073561316053,0.120740113728395,-3.48463820488836,0.00049280288854139,0.0198289128998546
"AT4G14680","4",788.297978453477,0.646111087028285,0.185501932443149,3.48304235173561,0.00049574993082301,0.0199061082181505
"AT5G49450","5",5939.9156492063,0.757708685739016,0.217629342812371,3.48164763054159,0.000498338993848162,0.0199686395174686
"AT4G38060","4",1908.65275742099,-0.668004463204806,0.191905175548453,-3.48090905467083,0.00049971513495624,0.019982410582527
"AT5G42900","5",59.9153246867469,1.15596576456648,0.332170229777716,3.48004023521324,0.000501338485848126,0.0200059898043394
"AT3G07340","3",1061.58502923134,0.729632180923765,0.2098538891795,3.47685803573394,0.000507326363495905,0.0202032807388884
"AT5G58760","5",510.22088990697,-0.520914737545307,0.149970368364531,-3.47345107720965,0.000513811025214358,0.0204195042751513
"AT5G18060","5",1155.01487255268,0.575633906973811,0.165772269568493,3.4724378719806,0.000515754371812988,0.0204547338362061
"AT1G02650","1",220.068360785187,0.939907024954292,0.270920176034229,3.46931350301331,0.000521790191894211,0.0205271489438135
"AT1G10700","1",904.881197425181,0.494425875627559,0.142514726084303,3.46929674716624,0.000521822738470407,0.0205271489438135
"AT3G11760","3",1330.3639011384,0.441975667643299,0.127362858697176,3.4702084435319,0.000520054604926124,0.0205271489438135
"AT4G02890","4",12702.1892258065,-0.38769424886466,0.111726068351582,-3.47004288779461,0.000520375266343045,0.0205271489438135
"AT2G31230","2",131.335363043806,-0.878948171693987,0.253421988965777,-3.46831849627967,0.000523726177177808,0.0205602361726152
"AT3G05180","3",947.134722821266,-0.481085576960989,0.138736561002594,-3.46761930297519,0.000525090600651609,0.0205720718320066
"AT4G16500","4",1497.37766615879,0.365738437508113,0.105715846896065,3.45963683067961,0.00054090437895587,0.021148814849115
"AT4G19520","4",6257.50662297084,0.517318856827064,0.149869333497607,3.45179927576927,0.0005568618194979,0.0217288380132305
"AT3G04030","3",377.425989849411,-0.615702650527351,0.178498014182696,-3.449352942925,0.000561931708922952,0.0218825478762471
"AT4G26690","4",3538.76791193513,0.622035749556834,0.180469465276524,3.44676451832846,0.00056734286026727,0.0220489030474151
"AT3G26910","3",1288.38143692359,0.642262874131921,0.18645793172274,3.44454573853665,0.000572019846457103,0.0221861164495606
"AT3G52360","3",1202.27166864321,-0.349754026078586,0.10160637111808,-3.44224503079759,0.000576907426105506,0.0222971779790544
"AT5G07010","5",1410.82130848958,0.676937517382546,0.196663319251683,3.44211376050367,0.000577187463444572,0.0222971779790544
"AT1G80190","1",1100.45158598607,0.463735849611938,0.134794616931271,3.44031431053651,0.000581038989371298,0.0224012521918169
"AT4G01580","4",306.309186791066,0.52419819291626,0.152530356703282,3.43668109251187,0.000588888533217002,0.0226587448745166
"AT3G62550","3",19214.5017121031,0.79429564210726,0.231197611482434,3.43557027693433,0.000591308077286566,0.0227066994599289
"AT3G13600","3",133.76028200106,1.19876273801716,0.349148378191733,3.43339053793018,0.000596082835686557,0.0228447271324309
"AT3G19270","3",294.089287110956,-0.494432600276791,0.144036022905411,-3.43270100286985,0.000597600731094014,0.0228576374497896
"AT2G27080","2",305.642762217904,0.769273083912939,0.224274809391167,3.430046762725,0.000603477235775333,0.0228759420069963
"AT3G08760","3",2647.68096460868,0.497601822899595,0.145031441998742,3.43099272848649,0.000601376720756265,0.0228759420069963
"AT3G10985","3",2374.81405055619,0.51117068834849,0.148953866885904,3.43173828941304,0.000599726001467504,0.0228759420069963
"AT5G02010","5",1048.35539195503,0.560565390094734,0.163415790130927,3.43030125574533,0.000602911464154987,0.0228759420069963
"AT5G23130","5",565.251106238618,0.706677843031224,0.206039537750307,3.42981667862033,0.00060398916841868,0.0228759420069963
"AT1G32170","1",1461.01784813028,0.73756977744178,0.215184835795098,3.42761038302952,0.000608918694113864,0.0229727337346583
"AT3G05200","3",2353.89427016713,0.67466571095267,0.196831632112973,3.42762849502483,0.000608878074507727,0.0229727337346583
"AT1G68670","1",7359.08985005717,0.664271816006681,0.193868064151284,3.42641176572703,0.000611612434651308,0.0230294689887965
"AT2G42980","2",136.717687854018,-1.00688844011205,0.294196052751988,-3.42250832631286,0.000620461974814204,0.0233173224476779
"AT3G15354","3",2949.62551017913,-0.735660378809026,0.21536909695751,-3.41581215319004,0.00063592098032239,0.0238269510011124
"AT5G02670","5",565.049341016866,-0.415036017400292,0.121512935790389,-3.41557065262774,0.000636485153848048,0.0238269510011124
"AT5G17860","5",954.341744676251,-0.546733695453984,0.160194354278159,-3.41293984995654,0.00064266125096165,0.0240117101372814
"AT2G23130","2",739.875764375688,1.0748926352855,0.315031045384114,3.41202129452001,0.000644830756875111,0.0240463477236241
"AT5G10695","5",303.293132722996,0.933107659922267,0.273755248575922,3.40854710467216,0.000653098085408899,0.0243078083557766
"AT1G69900","1",141.028193007487,0.856337465998452,0.251641568414495,3.40300480319659,0.000666491088473335,0.0247586727952264
"AT5G66050","5",1657.5704120559,0.487836105034581,0.143871263611082,3.39078209776011,0.000696934886421788,0.0258399957697458
"AT1G15990","1",40.3738605049512,-1.24175292634173,0.366921391481416,-3.38424783937576,0.000713735452614577,0.0261621892990578
"AT1G19920","1",2635.75489321583,-0.33166444005434,0.0979902961976755,-3.38466616516062,0.000712648699298689,0.0261621892990578
"AT1G64900","1",3328.02053336922,-0.35579859220352,0.105111680032164,-3.38495771444855,0.000711892203405315,0.0261621892990578
"AT1G69910","1",411.417735223763,0.492328023722575,0.145436207588333,3.38518194256097,0.000711310896432981,0.0261621892990578
"AT2G36880","2",5557.87625850696,-0.385289635014893,0.113785180982715,-3.38611435766334,0.000708898355713765,0.0261621892990578
"AT5G22690","5",622.701696352577,0.522984819206571,0.154528709483656,3.38438611798466,0.000713376053401933,0.0261621892990578
"AT5G56100","5",1936.91533290287,0.594947255728614,0.175960013475633,3.38115031919454,0.000721830426979788,0.0264088961885951
"AT5G07440","5",16257.8536995258,0.676869045624961,0.200220344014494,3.3806207304087,0.000723222948480372,0.0264099187639417
"AT4G33920","4",2344.18053450845,0.461255412353267,0.136604876112648,3.37656623598783,0.000733966976821444,0.0267517831815485
"AT3G60320","3",3882.63550441295,0.593977225828823,0.17629653920643,3.36919390762016,0.000753883725436719,0.0274260631994404
"AT1G55265","1",73.669169019352,-0.865786043144876,0.257111954335786,-3.36735040337396,0.000758941896543174,0.0275582766711006
"AT2G39980","2",1056.414354986,0.984651623565067,0.292995038830788,3.36064264942632,0.000777613635874537,0.0280928427635928
"AT2G46330","2",2014.89221936428,0.847324823722262,0.25214256220349,3.36049898247022,0.000778018173053929,0.0280928427635928
"AT4G02350","4",2619.37086459075,0.373265965452876,0.111057070092695,3.36102838964979,0.000776528434939748,0.0280928427635928
"AT1G29450","1",1429.37713305663,0.460962759406813,0.137207410518678,3.35960541536539,0.00078053866735898,0.0281313694004948
"AT5G67430","5",122.916372708098,-0.683196432646478,0.203390327026554,-3.35904092704114,0.00078213483000065,0.0281365009290568
"AT1G13080","1",3218.39951679315,-0.513948568541974,0.153149988530825,-3.35585117225476,0.000791211345264555,0.0283745580111718
"AT3G57330","3",2457.08697208915,0.417642288082211,0.124458101504576,3.35568583349197,0.000791684474838935,0.0283745580111718
"AT1G10585","1",155.423785120387,-0.856861320268751,0.255485588844936,-3.35385382847881,0.000796944501280248,0.0284576824313246
"AT5G20270","5",2033.13824097679,0.467003174671586,0.139230668310629,3.35416887915588,0.00079603762920964,0.0284576824313246
"AT1G78070","1",3652.27032993789,-0.365269478157983,0.108952597085191,-3.35255411922284,0.000800695855096261,0.0285389826510737
"AT1G11700","1",521.259709016056,-0.873628991147733,0.260900679716412,-3.34851174821519,0.000812468361202655,0.0289053541594048
"AT2G41240","2",86.1570160020593,1.10644459625469,0.330501816192845,3.34777160682556,0.000814641176652745,0.0289294776751142
"AT5G19230","5",985.983627103181,0.571956425786233,0.170881631354979,3.34709132427514,0.000816643019866574,0.0289474523928529
"AT3G17609","3",484.803009425257,-0.677722692809261,0.20273916261993,-3.34283067983156,0.000829284835331144,0.0293418257824478
"AT4G37770","4",680.997647781006,0.745881928779385,0.223188257658251,3.34194073023989,0.000831948233208059,0.0293823469078627
"AT5G10150","5",3077.68842132101,0.480996940247675,0.144081631526188,3.33836405899007,0.000842732549460315,0.029709008674417
"AT1G03220","1",2806.07875292068,0.883442053082704,0.264708956129421,3.33740900194845,0.000845634075606247,0.0297570943623333
"AT5G40740","5",1300.89610125135,0.372674165739211,0.111857437164593,3.33168875656285,0.000863207386289359,0.0303203552708607
"AT2G31810","2",7909.83635997388,0.551854856708664,0.165733809629614,3.32976631588909,0.000869188986245739,0.0304200427482822
"AT3G13040","3",5969.8718542992,-0.272961069730691,0.081974723028934,-3.32981996943552,0.00086902152527542,0.0304200427482822
"AT2G20570","2",6152.05992855595,-0.655859653615523,0.197123814722201,-3.32714570555466,0.000877404829097889,0.030652153542167
"AT1G20510","1",1243.44662053183,0.868283870448162,0.26112317432202,3.32518886040112,0.000883586599452967,0.0307570774205265
"AT4G29950","4",7784.60585159937,0.600896432812629,0.180695281722877,3.32546830821068,0.000882701345629983,0.0307570774205265
"AT4G18205","4",870.310915027295,0.709246470833826,0.213363323824806,3.32412552504194,0.000886962635346769,0.0308191648913849
"AT3G45640","3",4496.86097310881,0.671206744185699,0.201973020522216,3.32324952337814,0.000889752875251637,0.0308607117340864
"AT1G66270","1",1167.05196256915,-0.458830066242418,0.138186449935515,-3.32036944618327,0.000898983948918846,0.0311251079559487
"AT5G55700","5",1923.25760632387,0.465404319418723,0.140335916951499,3.31635927229925,0.000911985052273746,0.0314971272198133
"AT5G67450","5",103.946609139534,1.1179370809655,0.337128792523773,3.31605340676048,0.000912983795097409,0.0314971272198133
"AT1G18030","1",800.696236153688,0.451047596751464,0.136076592635549,3.31465969286501,0.000917547534172365,0.0315982472889181
"AT3G60530","3",2004.39266404117,0.626244897463832,0.189041835893025,3.31273177974324,0.000923895369677501,0.0317603392268887
"AT1G10120","1",1042.6712052008,0.637209553368387,0.19259861085695,3.30848467978653,0.000938023168067627,0.0321888304872001
"AT4G37390","4",449.634445961466,0.586146455584397,0.177307956254368,3.30581022965211,0.00094702203385956,0.0324401140589698
"AT2G01450","2",6817.98493046939,0.432325953973824,0.13081271631487,3.30492299336712,0.000950024986710361,0.0324854833794918
"AT3G43670","3",2080.88521549268,-0.37893473660361,0.114788502362634,-3.30115585449925,0.000962873792347845,0.0328667713881837
"AT1G33610","1",160.783590605851,0.832284329825596,0.25226898640108,3.29919401389417,0.000969628713718717,0.0329810090075783
"AT1G78860","1",71.3483084940626,1.05506066792934,0.31978643621963,3.29926647421884,0.000969378443053549,0.0329810090075783
"AT4G27657","4",542.774827966262,-0.941534969162627,0.285705056419147,-3.29547884438326,0.000982541011148919,0.0333509252781567
"AT5G38020","5",1074.96371384909,-0.6810082272097,0.206674510553945,-3.29507603711948,0.000983950518436886,0.0333509252781567
"AT5G24380","5",2866.00587603939,-0.460054853791231,0.139689791395487,-3.2934035422011,0.000989822978597021,0.0334913180555363
"AT5G65660","5",4708.2615554002,0.715859609540578,0.217432540883308,3.29232968824463,0.000993610580715163,0.0335608013597928
"AT3G28180","3",2803.71622221677,0.721306937898163,0.219169096322294,3.2910978326865,0.000997971995184164,0.0336493902348333
"AT5G08520","5",2653.33370342423,0.385824887474627,0.117262831147074,3.29025731086703,0.00100095804806514,0.0336913774995698
"AT5G25210","5",1014.51591459677,0.616320667610032,0.187669336164143,3.28407762401297,0.00102316737090429,0.0343791341952806
"AT3G47940","3",428.25619859504,0.439347522192334,0.133850713505812,3.28236966905116,0.00102938558712563,0.0345281259154758
"AT5G60860","5",774.30324799517,0.456294666911371,0.139216739687023,3.27758477850566,0.00104699284315067,0.0350579575888202
"AT1G15170","1",434.843347129737,0.520805206376398,0.158937640531582,3.27678959266362,0.00104994579952765,0.0350961157237619
"AT5G64240","5",3314.62802570964,0.492465115096258,0.150474765145992,3.27274220776131,0.0010650957260568,0.0355411425553505
"AT1G06980","1",560.870584128599,-0.519648217142888,0.158805523400835,-3.27223012156361,0.0010670268822169,0.0355442999628671
"AT1G24580","1",404.458805879883,-0.65260983416285,0.199671317274347,-3.26842053766875,0.00108149541122489,0.0359114734495758
"ATCG01250","Pt",2584.85637146637,0.337855093885074,0.103371721731771,3.26835123015306,0.00108176030903703,0.0359114734495758
"AT5G15910","5",1140.29103063474,-0.357933060706491,0.109584398852637,-3.26627753999745,0.00108971390157772,0.0361135665259164
"AT5G38040","5",110.519159887006,-0.825783915119518,0.252865419306595,-3.2657052015415,0.00109191859725585,0.0361247735577603
"AT3G28050","3",3382.66188520485,-0.364588141278359,0.111670615493049,-3.26485297558922,0.00109520908850839,0.0361718032405995
"AT3G50480","3",497.789920758736,0.610189256199572,0.186958376771006,3.26377061428468,0.00109940136414523,0.0362484054542877
"AT3G13530","3",2528.09681409111,0.30846468942259,0.094560672562606,3.26208222787718,0.00110597057651074,0.0364029839078043
"AT5G18010","5",1026.17403673819,0.618442675452066,0.189854631330426,3.25745372192537,0.00112416587109187,0.0369390598796471
"AT1G68400","1",930.766866316167,0.43672299733865,0.134155088579666,3.25535916648668,0.00113249047575467,0.0370866677965414
"AT5G67420","5",11299.4187164058,0.470274115324307,0.144440587533116,3.25583081151956,0.00113061101289369,0.0370866677965414
"AT1G27480","1",1764.97782290065,-0.382045942874057,0.117500760872639,-3.25143377827282,0.00114824521195165,0.0375390841758652
"AT4G12420","4",9142.47337035687,0.608268533402061,0.18742337275564,3.24542518074901,0.00117275377621743,0.0382756772089582
"AT1G12240","1",28830.6726026842,0.752242753853367,0.232163455604674,3.24014282047162,0.00119469843934622,0.0389262518436142
"AT2G27360","2",576.106595633342,-0.521974717902331,0.161158834689019,-3.23888366970114,0.001199985058938,0.0390327913120775
"AT1G22570","1",1357.47255813068,0.635350874385794,0.196239299714669,3.23763321266225,0.00120525655810518,0.0391384822576639
"AT2G30990","2",1209.89987870661,0.527186678141158,0.162914241532817,3.23597662905955,0.00121227309216949,0.0392325690209197
"AT4G39070","4",132.512381589244,1.18511701843395,0.366283894369044,3.23551495616651,0.00121423524044285,0.0392325690209197
"AT5G21170","5",3712.73242955937,0.478085694607756,0.147735347867171,3.23609550124459,0.00121176834983767,0.0392325690209197
"AT4G34630","4",1064.93294832822,-0.540299484932745,0.167085291320191,-3.23367473380616,0.00122208552490413,0.0394204054149908
"AT5G40390","5",1687.88099043965,-0.579353704854036,0.179288350040389,-3.23140742119342,0.00123182220591172,0.0396683643481121
"AT1G25230","1",5219.62210594654,0.46660734551843,0.14444483635114,3.23034978131115,0.00123638856412712,0.0397492761962065
"AT2G38940","2",508.455166366533,-0.914510111060326,0.283443414714142,-3.22642920451204,0.00125345236629644,0.0402310399623571
"AT5G11000","5",1025.40349778703,0.548653319616499,0.170210634574667,3.22337861548727,0.00126687979659323,0.040594688051764
"AT2G31880","2",2458.24944694945,0.600653806307642,0.186588588910943,3.21913472744215,0.00128578058303617,0.0410643521519504
"AT5G22920","5",19959.2257229736,0.864938246897966,0.268668882862899,3.21934657144252,0.00128483096586958,0.0410643521519504
"AT1G59860","1",156.575626856342,1.13784023178168,0.35367592610804,3.21718315493743,0.00129455927472405,0.0412766065947435
"AT3G55980","3",7040.1742065768,0.718904021474623,0.223751700122919,3.21295445388656,0.0013137712162477,0.0418202765119375
"AT3G55970","3",242.183485712586,0.779344435328822,0.242618563161727,3.21222096599969,0.00131713027245068,0.041858356802973
"AT2G42170","2",719.276736619262,0.451885131319327,0.141021860847445,3.2043622783291,0.00135362033275707,0.0429474883937382
"AT1G75240","1",1274.91419849531,0.432748588162885,0.135131180239518,3.20243327554636,0.00136271865365849,0.0430953351631012
"AT5G62165","5",36.7547726955714,-1.13745205124193,0.355184034030891,-3.20243012709012,0.00136273354964441,0.0430953351631012
"AT1G76890","1",2944.75922055194,0.464604019114184,0.145111720155936,3.20169879190272,0.00136619771712886,0.0431344055747339
"AT3G21270","3",1172.53924280445,0.533258848700382,0.166708913438947,3.19874227298394,0.00138028502300353,0.0434511184692788
"AT4G03190","4",1982.70594102394,0.426349812297428,0.133290481154513,3.19865161116191,0.00138071912052322,0.0434511184692788
"AT1G76090","1",2627.50332779664,0.676333170970749,0.211516118093925,3.19754909018527,0.00138600818203322,0.0435467570699202
"AT5G55620","5",1208.9217206087,-0.550880583836886,0.172309886774554,-3.19703410029888,0.00138848511042085,0.0435538749223421
"AT1G34370","1",5167.78152790625,0.330952679822488,0.103566079768868,3.19557021527788,0.00139554821630859,0.0437045957579878
"AT1G18570","1",1222.41892925421,0.737058332883411,0.231093188377981,3.18944205174002,0.00142547715084068,0.0438954222399872
"AT1G20780","1",847.579369985932,0.41358655642024,0.129648374043503,3.19006358137173,0.00142241495924543,0.0438954222399872
"AT1G35260","1",222.242656190253,-0.583163864027093,0.182767868061347,-3.19073516703357,0.00141911296595967,0.0438954222399872
"AT1G52855","1",101.761371849665,-0.701455266254214,0.219741454777934,-3.19218450138637,0.00141201107431359,0.0438954222399872
"AT2G05160","2",590.026141142221,0.462800825694816,0.145037233998853,3.19091045061211,0.00141825231076741,0.0438954222399872
"AT3G03440","3",408.389780035551,-0.479249479196812,0.150247712260794,-3.18972896149627,0.00142406283125828,0.0438954222399872
"AT3G49601","3",207.818773340685,0.746564343520509,0.233915620165078,3.19159679457766,0.00141488694082514,0.0438954222399872
"AT4G06534","4",823.067025760607,0.481912362354803,0.150982940810177,3.19183319498782,0.00141372949768205,0.0438954222399872
"AT4G22360","4",1555.74720020484,0.407630789419396,0.127643054930854,3.19352110179607,0.0014054906497754,0.0438954222399872
"AT5G11740","5",7525.89371219885,0.541350728141087,0.16970786643903,3.1898976723956,0.00142323177621174,0.0438954222399872
"AT5G14940","5",262.957386302774,-0.499624340258634,0.156660527504215,-3.18921650666082,0.00142658988265743,0.0438954222399872
"AT2G22200","2",262.150090549072,-0.621659931835797,0.195130691737147,-3.18586443937384,0.00144322204543642,0.0442664333872844
"AT5G17640","5",994.269800879381,0.337852634921335,0.106034460732526,3.18625315380794,0.0014412842162921,0.0442664333872844
"AT5G62090","5",3664.90603275234,0.422435026510363,0.132672237726634,3.18404990937723,0.00145229969734347,0.0444743802885847
"AT5G64260","5",6950.15625681115,0.498608338654557,0.156745695231133,3.18100179988562,0.00146766717770854,0.0448739819231771
"AT2G38300","2",599.631373651351,-0.482115635373027,0.151632014337896,-3.17951085381405,0.00147523844515859,0.0449785608726446
"AT3G62630","3",2813.03765001363,0.460337963115838,0.144807855538266,3.17895711807011,0.00147805955952268,0.0449785608726446
"AT4G35730","4",249.814846298877,0.476761801734749,0.149959279683494,3.17927508548327,0.00147643900563852,0.0449785608726446
"AT3G16240","3",67224.8554723727,0.530545416362663,0.166940164273565,3.17805735169433,0.00148265419756434,0.0450141960802767
"AT5G10750","5",764.499314209027,0.51551229555985,0.162222131517428,3.17781729741646,0.00148388225169043,0.0450141960802767
"AT5G14930","5",730.570967942111,0.591390126949714,0.186141659188471,3.17709710726777,0.00148757217981755,0.0450555116873065
"AT4G32790","4",702.706856318862,0.576642517345027,0.181613502074854,3.17510818720602,0.00149780646340383,0.0452946035823716
"AT1G55910","1",841.838546596576,-0.548934831511906,0.172969001535531,-3.17360236018444,0.00150559802534211,0.0454426756702325
"AT5G05860","5",605.554061136065,0.518117091602889,0.163299459456798,3.17280346993407,0.00150974684592123,0.0454426756702325
"AT5G24155","5",516.915395300026,-0.669888437028754,0.211120554142778,-3.17301382496238,0.00150865340368425,0.0454426756702325
"AT4G36240","4",289.306519427859,-0.514598008497478,0.162224606689204,-3.17213287798788,0.00151323751169417,0.0454770167722501
"AT1G09240","1",343.793866472174,-0.783208955564838,0.24702237595993,-3.17059923224074,0.0015212486369168,0.045553643848907
"AT1G56010","1",673.522567934876,-0.36385268989478,0.114769388859998,-3.17029386937512,0.00152284838122573,0.045553643848907
"AT2G35290","2",113.541344160833,0.845961531577973,0.266814661637646,3.17059612236321,0.00152126492123315,0.045553643848907
"AT4G27840","4",793.876921152725,-0.465094809915445,0.14673848397677,-3.16954896432673,0.00152675731529583,0.0456000942596225
"AT1G61170","1",472.841505104115,0.45498000830031,0.143596428316859,3.168463266345,0.00153247113398449,0.0457002254655406
"AT5G64170","5",7542.89052255203,-0.736207317835301,0.232574303839838,-3.16547144581497,0.00154831857840178,0.0461017811790586
"AT2G29090","2",421.117467774437,-0.707241566367063,0.223472301176669,-3.16478401414027,0.00155198110960417,0.0461398500695531
"AT2G40260","2",506.134075163833,-0.402851526474253,0.127346095951082,-3.16343837214297,0.00155917358938683,0.0462825853512159
"AT1G30820","1",4601.4259731081,0.384469717056865,0.121589048417434,3.16204232256939,0.00156666792826966,0.0463628304032583
"AT1G45180","1",542.294736968431,0.405318668463211,0.12817187012603,3.16230595734201,0.00156525013626388,0.0463628304032583
"AT1G12580","1",2529.89073781253,0.356629251326751,0.112856616533447,3.16002076157455,0.00157757896951937,0.0463781835228184
"AT1G13250","1",1187.50987524723,0.625159144926044,0.197761575682014,3.16117599068513,0.00157133527506581,0.0463781835228184
"AT3G26280","3",8264.70280345238,-0.301689287092864,0.0954795307965049,-3.15972737377453,0.00157916828260501,0.0463781835228184
"AT4G32350","4",1262.54932330378,0.382809600763162,0.121124003879756,3.16047677174864,0.00157511163676044,0.0463781835228184
"AT5G56010","5",8797.69339620519,-0.301103188158041,0.0952810699924203,-3.16015750224042,0.00157683873396326,0.0463781835228184
"AT3G08730","3",6032.8819124121,-0.256753977057318,0.0813080201326096,-3.15779398684858,0.00158967856607198,0.0466161196481169
"AT1G19540","1",467.162771660931,0.52822188303558,0.167622667777809,3.15125567465469,0.00162570112841923,0.0473097093092783
"AT3G06770","3",1120.98365076747,0.742176000131358,0.235581131105655,3.15040511372068,0.00163044208480359,0.0473097093092783
"AT3G06850","3",2895.29732058173,0.496477390836603,0.157536405916873,3.15150893501137,0.00162429192936974,0.0473097093092783
"AT3G20370","3",3126.41276640837,-0.367940104044707,0.116702866228183,-3.15279406527422,0.00161715847867028,0.0473097093092783
"AT4G34760","4",1611.33460357754,0.700248158020236,0.222223579726443,3.15109746176459,0.00162658203235981,0.0473097093092783
"AT5G14920","5",1072.83756186538,0.827007813750281,0.262482297405122,3.15071843673273,0.00162869416992444,0.0473097093092783
"AT5G49390","5",455.721493211996,0.434027855868831,0.137685118412549,3.1523222035394,0.00161977431363006,0.0473097093092783
"AT3G58750","3",2720.82407739453,0.445552287662629,0.141558533602192,3.14747741676047,0.00164685826848557,0.0477145133656732
"AT5G52050","5",196.438545197603,0.939723093636844,0.298633189551143,3.14674700105934,0.00165097749350352,0.047762359356154
"AT1G13910","1",294.609166769441,-0.500824881699255,0.159350700488306,-3.14290982194965,0.00167277365772512,0.0482188483902276
"AT2G33810","2",1650.99686405976,0.549595744289147,0.174845181200903,3.14332794598235,0.00167038581897039,0.0482188483902276
"AT3G25585","3",2790.00361021383,-0.285000944118851,0.0906879540998991,-3.14265490877546,0.00167423096611723,0.0482188483902276
"AT1G76410","1",673.418891811844,0.776774896098293,0.247277012477938,3.14131462651667,0.00168191243418077,0.0483620087461925
"AT3G58690","3",599.646947465874,0.47942520944158,0.152638626465055,3.14091669025428,0.00168419933320935,0.0483620087461925
"AT5G08790","5",2218.94691573254,0.622230613055905,0.198173184148349,3.13983254459955,0.00169044432764939,0.0484694215071502
"AT2G16890","2",38.6535291181408,-1.47417591434572,0.469744775425645,-3.13824866494777,0.00169960623337477,0.0486600281667682
"AT1G22885","1",556.601634544722,0.454065962300056,0.14478638080199,3.13610962429565,0.00171205195045865,0.0488734607765165
"AT1G79530","1",2015.23043122422,-0.371306400071739,0.118413843103657,-3.13566716812581,0.00171463676073446,0.0488734607765165
"AT3G57550","3",1257.34633314629,0.394558726415726,0.125829118722141,3.13567106264966,0.00171461399344234,0.0488734607765165
"AT2G01670","2",5781.15981050937,-0.338776108829614,0.108107701372007,-3.13369079658683,0.00172622651910527,0.0491314530158286
"AT1G05065","1",93.5378686333701,-0.733574835004893,0.234191895081193,-3.13236644996005,0.0017340329636748,0.0492089061275105
"AT1G74210","1",428.668055569773,-0.462371651603432,0.147596206310112,-3.13267978332689,0.00173218307430204,0.0492089061275105
"AT1G02860","1",1825.44524175101,0.415017087581874,0.132525235359161,3.13160800248438,0.00173851828624371,0.0492639574113629
"AT1G25275","1",3509.42957926852,0.397411989581324,0.126988769506968,3.12950500366504,0.00175101090379401,0.0495454167134931
"AT1G32780","1",745.300787737969,-0.494654701460656,0.158142915304936,-3.12789669083087,0.00176062053722995,0.0496965369188299
"AT4G22980","4",299.778729265974,-0.536009578895594,0.171372146432482,-3.12775203003466,0.00176148725464076,0.0496965369188299
"AT3G21260","3",1494.99889930219,-0.380320627462,0.121612813683087,-3.12730719686401,0.00176415487625092,0.0496993500363324
"AT1G32460","1",1963.33795621978,0.488404669132512,0.156264829518353,3.12549324526763,0.00177507146598519,0.0498617317165129
"AT2G27420","2",200.431898595376,-1.19191790157184,0.381350435777825,-3.12551865619541,0.00177491811190279,0.0498617317165129
