"split","normalisation","rRNA","n"
1,"DESeq2 median-of-ratios","included for size factors",0
1,"DESeq2 median-of-ratios","ignored for size factors",0
1,"total-count scaling","included for size factors",0
1,"total-count scaling","ignored for size factors",0
2,"DESeq2 median-of-ratios","included for size factors",0
2,"DESeq2 median-of-ratios","ignored for size factors",0
2,"total-count scaling","included for size factors",0
2,"total-count scaling","ignored for size factors",0
3,"DESeq2 median-of-ratios","included for size factors",0
3,"DESeq2 median-of-ratios","ignored for size factors",0
3,"total-count scaling","included for size factors",0
3,"total-count scaling","ignored for size factors",0
4,"DESeq2 median-of-ratios","included for size factors",10
4,"DESeq2 median-of-ratios","ignored for size factors",10
4,"total-count scaling","included for size factors",23
4,"total-count scaling","ignored for size factors",8
5,"DESeq2 median-of-ratios","included for size factors",1
5,"DESeq2 median-of-ratios","ignored for size factors",1
5,"total-count scaling","included for size factors",0
5,"total-count scaling","ignored for size factors",2
6,"DESeq2 median-of-ratios","included for size factors",689
6,"DESeq2 median-of-ratios","ignored for size factors",689
6,"total-count scaling","included for size factors",503
6,"total-count scaling","ignored for size factors",615
7,"DESeq2 median-of-ratios","included for size factors",1
7,"DESeq2 median-of-ratios","ignored for size factors",1
7,"total-count scaling","included for size factors",1
7,"total-count scaling","ignored for size factors",0
8,"DESeq2 median-of-ratios","included for size factors",0
8,"DESeq2 median-of-ratios","ignored for size factors",0
8,"total-count scaling","included for size factors",0
8,"total-count scaling","ignored for size factors",0
