"split","normalisation","median_shift","iqr_shift","sf_shift"
1,"DESeq2 median-of-ratios",7.97345256714488e-06,5.932458873599e-06,9.16670990463997e-06
1,"total-count scaling",0.0977561178608351,0.0228183595815208,0.112882605986088
2,"DESeq2 median-of-ratios",1.49396746663699e-05,1.71789107200615e-06,1.52529974405957e-05
2,"total-count scaling",0.112202217999451,0.02389178801092,0.126720889075228
3,"DESeq2 median-of-ratios",-1.05086969441059e-05,3.77216995534838e-06,-9.72104511420824e-06
3,"total-count scaling",0.10921800324512,0.0259188522906649,0.123546202878489
4,"DESeq2 median-of-ratios",2.40218392898173e-06,3.05767619394187e-06,2.9509407490913e-06
4,"total-count scaling",0.0925277696890912,0.0250721816302886,0.107903777675091
5,"DESeq2 median-of-ratios",6.49104976051251e-06,3.21801246149639e-06,6.83117934441313e-06
5,"total-count scaling",0.0949219925276673,0.0235739034960711,0.111036034108657
6,"DESeq2 median-of-ratios",1.39451367060506e-05,1.42140538323537e-06,1.42275257156155e-05
6,"total-count scaling",0.121147805487307,0.0230899087793196,0.134938077192135
7,"DESeq2 median-of-ratios",7.97886085046606e-06,1.50236326390552e-06,8.38255488999629e-06
7,"total-count scaling",0.114205648576498,0.0235388067961648,0.129995102340093
8,"DESeq2 median-of-ratios",8.40232368967686e-06,4.62741747782672e-06,9.84274603565982e-06
8,"total-count scaling",0.0984559996401106,0.0245275099367032,0.112017458387275
