"split","cutoff","n","median_baseMean","pct_baseMean_below_10","median_baseMean_all"
1,1,2208,0.716395709010323,96.2409420289855,407.985102047658
1,2,698,0.719234797130558,99.5702005730659,407.985102047658
2,1,2374,0.721686297418073,95.7034540859309,412.092960563654
2,2,690,0.726705707741242,99.1304347826087,412.092960563654
3,1,2194,0.724863064885271,96.3536918869644,418.238049184521
3,2,826,0.663935088549422,99.3946731234867,418.238049184521
4,1,2098,0.854604259957052,93.7559580552908,420.443820134111
4,2,763,0.741770410985431,98.8204456094364,420.443820134111
5,1,2171,0.74204691299218,96.2690004606172,420.443820134111
5,2,682,0.74204691299218,99.266862170088,420.443820134111
6,1,2448,0.915367671286261,87.9901960784314,412.092960563654
6,2,622,0.918375405850663,96.3022508038585,412.092960563654
7,1,2161,0.693031758071456,96.8070337806571,438.113215183828
7,2,589,0.828567423857889,99.151103565365,438.113215183828
8,1,2215,0.725803860084818,96.1625282167043,407.985102047658
8,2,796,0.669754496391421,99.4974874371859,407.985102047658
